Date,HDFCBANK.NS,ICICIBANK.NS,SBIN.NS,TCS.NS,INFY.NS,HCLTECH.NS,ITC.NS,HINDUNILVR.NS,RELIANCE.NS,LT.NS,^NSEI
2023-01-02,770.9271850586,873.2850952148,568.7478637695,2877.7810058594,1368.0974121094,892.0668334961,274.9212951660,2397.1125488281,1170.4780273438,2011.2446289062,18197.4492187500
2023-01-03,775.9682006836,872.2206420898,568.9335937500,2921.8115234375,1366.7957763672,893.6973876953,273.4758300781,2381.7929687500,1161.9125976562,2010.7634277344,18232.5507812500
2023-01-04,762.0994873047,870.0433349609,562.2446289062,2924.7224121094,1341.8845214844,889.6209106445,270.0894470215,2376.2182617188,1144.4182128906,1993.0523681641,18042.9492187500
2023-01-05,757.2003784180,850.7380981445,562.1517944336,2921.5905761719,1324.2894287109,896.0574951172,275.4168395996,2420.8173828125,1142.3734130859,2009.2236328125,17992.1503906250
2023-01-06,754.6917114258,841.9805908203,558.0176391602,2833.7517089844,1300.3210449219,886.3596801758,276.7384033203,2414.0239257812,1152.7563476562,2008.4533691406,17859.4492187500
2023-01-09,756.1590576172,845.1255493164,564.5671997070,2929.3996582031,1332.5931396484,916.0966186523,279.2162780762,2458.6240234375,1179.9747314453,2042.2878417969,18101.1992187500
2023-01-10,742.3375854492,833.5133056641,552.9079589844,2899.7963867188,1319.3970947266,913.0070800781,275.3755798340,2477.1752929688,1162.5260009766,2027.8009033203,17914.1503906250
2023-01-11,753.0350341797,838.3033447266,554.3479614258,2937.1201171875,1320.7436523438,905.2404174805,274.0540466309,2429.7648925781,1147.8715820312,2045.8011474609,17895.6992187500
2023-01-12,757.0584716797,832.8359375000,552.6757202148,2942.1054687500,1329.1370849609,919.7012939453,272.4433593750,2426.7670898438,1123.0842285156,2078.9138183594,17858.1992187500
2023-01-13,757.6500854492,845.2222900391,557.5065917969,2977.5766601562,1349.8293457031,924.9791870117,271.5348205566,2458.5769042969,1121.2668457031,2072.8012695312,17956.5996093750
2023-01-16,750.3843994141,837.2873535156,560.2008056641,3008.7099609375,1369.4439697266,938.6246337891,272.7324829102,2433.3725585938,1110.5886230469,2057.2075195312,17894.8496093750
2023-01-17,761.5551147461,837.1905517578,550.8641357422,3048.7319335938,1382.0117187500,953.5147094727,274.4256896973,2499.3813476562,1126.3560791016,2130.2666015625,18053.3007812500
2023-01-18,774.9979248047,841.3999633789,549.4705810547,3059.2004394531,1387.3082275391,957.0333862305,276.4080200195,2516.8552246094,1124.4930419922,2181.6679687500,18165.3496093750
2023-01-19,778.2166137695,838.1582031250,547.9840698242,3043.9494628906,1381.4731445312,962.4456787109,274.3431396484,2482.7033691406,1123.2886962891,2188.0212402344,18107.8496093750
2023-01-20,786.1923828125,842.2224731445,550.1673583984,3034.9257812500,1369.4888916016,959.3281860352,276.3666687012,2388.0708007812,1109.9295654297,2165.7375488281,18027.6503906250
2023-01-23,791.9434204102,843.5288696289,557.8317871094,3081.6706542969,1389.6420898438,970.9320678711,278.9684753418,2432.7167968750,1104.3177490234,2149.9033203125,18118.5507812500
2023-01-24,802.5462036133,842.6095581055,552.1646728516,3100.9826660156,1393.1431884766,985.3505859375,279.9596862793,2436.5583496094,1097.7973632812,2124.8764648438,18118.3007812500
2023-01-25,780.3703613281,827.6588134766,528.3353271484,3095.0720214844,1385.1536865234,972.2744140625,280.2074584961,2457.0312500000,1082.6203613281,2093.3039550781,17891.9492187500
2023-01-27,764.8211669922,790.7901611328,501.6259155273,3078.1965332031,1363.7435302734,966.0827026367,285.7827148438,2447.4738769531,1062.0817871094,2079.0100097656,17604.3496093750
2023-01-30,764.0402221680,796.8864746094,500.0001220703,3098.5908203125,1381.3834228516,982.6661987305,284.7915039062,2406.2475585938,1072.2601318359,2033.8171386719,17648.9492187500
2023-01-31,758.9990234375,805.0151367188,514.2141723633,3030.9543457031,1376.8499755859,971.7982177734,291.0275268555,2414.3056640625,1069.5793457031,2044.8864746094,17662.1503906250
2023-02-01,770.3828735352,820.5464477539,489.9202270508,3075.7597656250,1392.4250488281,980.3712158203,298.5025024414,2411.9631347656,1063.2404785156,2065.2451171875,17616.3007812500
2023-02-02,758.9280395508,830.1748657227,490.6169738770,3122.7307128906,1421.7351074219,995.5260009766,312.7090454102,2468.7431640625,1057.3559570312,2064.6196289062,17610.4003906250
2023-02-03,785.1747436523,835.8842163086,505.5742797852,3142.4929199219,1435.7840576172,992.5383300781,314.4022521973,2481.7661132812,1058.2874755859,2085.4589843750,17854.0507812500
2023-02-06,781.8377075195,826.1105346680,506.6890869141,3122.3244628906,1409.2569580078,992.1484985352,316.6736755371,2471.3193359375,1050.3127441406,2075.4001464844,17764.5996093750
2023-02-07,782.9973144531,825.1912841797,508.2683715820,3133.6953125000,1402.5692138672,977.0372924805,308.2901611328,2437.2143554688,1047.7908935547,2084.2556152344,17721.5000000000
2023-02-08,782.9026489258,831.3360595703,510.7303161621,3176.6047363281,1427.7944335938,991.5424804688,310.1898193359,2419.9741210938,1068.7159423828,2051.0952148438,17871.6992187500
2023-02-09,781.2697143555,832.9811401367,511.7058715820,3195.3305664062,1451.5836181641,992.7115478516,309.1160583496,2423.6281738281,1070.5789794922,2067.0256347656,17893.4492187500
2023-02-10,784.3700561523,826.2557373047,513.7960815430,3192.3520507812,1443.9980468750,966.1260986328,306.7207946777,2415.0083007812,1061.7636718750,2082.8601074219,17856.5000000000
2023-02-13,784.9616699219,823.1591796875,499.3498229980,3142.5834960938,1407.1025390625,963.8312988281,309.0747375488,2418.2875976562,1055.7203369141,2120.8334960938,17770.9003906250
2023-02-14,792.2274169922,837.3356933594,502.4620361328,3158.5566406250,1430.2631835938,974.6126708984,319.1928405762,2416.9760742188,1080.5983886719,2109.6193847656,17929.8496093750
2023-02-15,790.6181640625,842.6579589844,503.7626342773,3177.1015625000,1433.6744384766,981.0642700195,320.8559570312,2387.7895507812,1105.0675048828,2093.6408691406,18015.8496093750
2023-02-16,787.7545166016,841.3516235352,501.7652282715,3210.8518066406,1437.9385986328,976.9507446289,321.1497192383,2367.7856445312,1104.2042236328,2096.7690429688,18035.8496093750
2023-02-17,783.8021240234,834.7713623047,493.3111572266,3159.5039062500,1421.7799072266,960.8436889648,321.8633422852,2356.9167480469,1108.8162841797,2143.0209960938,17944.1992187500
2023-02-20,776.4415893555,824.5622558594,487.8763732910,3147.0058593750,1429.5449218750,966.1694335938,322.4089660645,2353.1220703125,1097.0930175781,2142.2026367188,17844.5996093750
2023-02-21,779.3526611328,826.5944213867,486.2970275879,3114.2475585938,1417.9197998047,957.0765380859,320.8979492188,2357.5261230469,1106.0445556641,2146.0048828125,17826.6992187500
2023-02-22,764.0637207031,812.1275634766,479.7009277344,3069.6232910156,1402.0303955078,946.1655883789,322.2410888672,2336.8193359375,1080.9617919922,2112.6037597656,17554.3007812500
2023-02-23,758.8807373047,812.6114501953,484.0209045410,3080.6779785156,1392.0659179688,947.6807861328,325.3891906738,2333.6333007812,1075.7817382812,2078.3359375000,17511.2500000000
2023-02-24,752.1119384766,812.5629882812,484.0673828125,3068.6303710938,1392.0211181641,948.1137084961,323.2904968262,2327.5903320312,1083.1429443359,2054.1752929688,17465.8007812500
2023-02-27,753.9816284180,828.7233276367,490.2454223633,3006.7246093750,1354.9013671875,938.6744995117,320.8559570312,2312.5517578125,1075.9407958984,2034.5869140625,17392.6992187500
2023-02-28,757.1530761719,827.2233276367,485.6931762695,2989.5786132812,1335.3762207031,933.1755981445,316.2386474609,2305.5249023438,1055.3566894531,2030.2076416016,17303.9492187500
2023-03-01,756.4194335938,828.6265869141,498.6065673828,3055.3200683594,1343.0067138672,953.5260620117,317.9176940918,2310.7717285156,1065.0581054688,2036.1273193359,17450.9003906250
2023-03-02,749.9819335938,826.4008178711,495.8659057617,2997.3395996094,1321.5516357422,957.7261352539,315.2732849121,2300.5590820312,1056.9470214844,2042.1914062500,17321.9003906250
2023-03-03,764.8685302734,840.4807128906,521.3676757812,3016.0197753906,1327.9700927734,969.0270996094,323.1645507812,2315.2221679688,1083.9154052734,2071.5017089844,17594.3496093750
2023-03-06,770.2645874023,839.7064819336,521.8321533203,3042.8210449219,1353.2404785156,975.6948852539,325.8509521484,2328.1992187500,1094.5028076172,2061.0095214844,17711.4492187500
2023-03-08,771.8029174805,843.9158935547,524.7121582031,3059.5607910156,1339.9992675781,970.4559936523,329.4187927246,2328.4333496094,1098.4334716797,2089.5498046875,17754.4003906250
2023-03-09,771.8739013672,828.2879638672,519.2308959961,3011.2370605469,1328.9576416016,966.9920654297,325.3052673340,2306.2270507812,1072.0329589844,2111.1115722656,17589.5996093750
2023-03-10,751.9699707031,815.4176635742,508.5006408691,3005.9575195312,1321.0128173828,966.6889648438,325.7250061035,2310.0219726562,1055.4248046875,2077.0844726562,17412.9003906250
2023-03-13,742.4559326172,801.6282348633,492.3821411133,2961.6940917969,1288.2915039062,951.3612060547,322.0732116699,2300.3247070312,1038.0670166016,2053.9831542969,17154.3007812500
2023-03-14,740.4678955078,803.5151977539,488.1086120605,2901.2321777344,1274.7362060547,938.7613525391,318.7571716309,2288.4719238281,1034.1820068359,2063.9458007812,17043.3007812500
2023-03-15,729.8413696289,799.2089843750,480.8157653809,2886.7478027344,1274.4221191406,934.9509887695,318.5053710938,2254.4135742188,1016.5057373047,2095.1809082031,16972.1503906250
2023-03-16,734.5747680664,797.2736816406,487.2725219727,2874.2043457031,1260.4627685547,928.6727294922,320.2262878418,2304.3068847656,1011.4392700195,2092.2451171875,16985.5996093750
2023-03-17,744.3966064453,809.2245483398,492.1962890625,2869.0605468750,1275.3648681641,959.8910522461,315.2732849121,2293.1098632812,1010.1670532227,2113.5659179688,17100.0507812500
2023-03-20,739.2371826172,809.4180908203,482.3486938477,2836.5732421875,1260.0589599609,944.6498413086,318.0016174316,2352.8876953125,1000.2385253906,2096.0473632812,16988.4003906250
2023-03-21,747.6152343750,824.8526611328,484.8106079102,2803.0036621094,1248.4337158203,938.6315307617,316.4485473633,2307.3522949219,1031.3417968750,2125.7905273438,17107.5000000000
2023-03-22,745.8876342773,832.4005126953,484.5318908691,2825.2934570312,1247.1319580078,936.5096435547,317.1201477051,2320.2353515625,1034.4771728516,2131.0847167969,17151.9003906250
2023-03-23,739.8998413086,827.8040161133,476.3564758301,2819.7431640625,1233.9357910156,923.0436401367,319.5547485352,2328.4333496094,1021.3905029297,2124.0578613281,17076.9003906250
2023-03-24,738.7164916992,824.8526611328,469.4817199707,2815.9987792969,1239.4118652344,910.7903442383,317.9176940918,2324.4042968750,1001.1699829102,2085.0737304688,16945.0507812500
2023-03-27,741.9352416992,821.2721557617,473.9410400391,2817.6230468750,1246.8626708984,910.5737304688,319.1769104004,2341.4572753906,1016.7330322266,2073.3786621094,16985.6992187500
2023-03-28,747.9702758789,827.1266479492,472.0365600586,2811.8471679688,1236.6739501953,901.5676879883,318.7991638184,2326.2785644531,1021.4815063477,2053.7421875000,16951.6992187500
2023-03-29,751.5676879883,823.4978637695,479.8403015137,2832.6032714844,1242.0151367188,924.4293823242,321.3176879883,2371.2993164062,1015.4380493164,2067.0737304688,17080.6992187500
2023-03-31,761.8627929688,848.8995361328,486.5757751465,2893.0651855469,1281.8730468750,939.8003540039,321.9472961426,2398.9396972656,1059.2191162109,2083.1967773438,17359.7500000000
2023-04-03,762.3361206055,855.2378540039,489.3627929688,2887.7409667969,1266.5224609375,950.9714355469,318.0855712891,2376.2182617188,1059.4007568359,2088.9243164062,17398.0507812500
2023-04-05,782.7843017578,856.0119628906,485.8789367676,2923.6572265625,1277.9233398438,962.2725219727,324.3818969727,2419.9274902344,1056.8562011719,2173.2453613281,17557.0507812500
2023-04-06,788.7484130859,846.7222900391,490.1989440918,2906.4206542969,1276.4420166016,945.5158081055,325.1793518066,2403.5305175781,1063.9447021484,2189.1279296875,17599.1503906250
2023-04-10,785.0090942383,840.3839111328,488.9447326660,2944.9541015625,1281.5589599609,955.2581176758,326.1867370605,2372.5173339844,1056.4018554688,2223.2509765625,17624.0507812500
2023-04-11,787.3047485352,853.3992919922,494.3330993652,2900.1943359375,1262.3032226562,941.3159179688,332.4410095215,2387.1337890625,1061.6274414062,2215.3581542969,17722.3007812500
2023-04-12,797.5288696289,861.3826293945,490.7098693848,2925.3261718750,1282.1873779297,947.8106689453,330.3842468262,2369.5190429688,1066.3074951172,2202.8449707031,17812.4003906250
2023-04-13,801.1025390625,869.9465332031,495.1227416992,2877.6789550781,1247.0872802734,928.1962890625,332.1052246094,2376.3120117188,1070.3289794922,2174.2082519531,17828.0000000000
2023-04-17,788.8904418945,872.1722412109,505.3884277344,2833.1440429688,1129.5780029297,902.5200195312,335.9249572754,2390.9755859375,1075.7589111328,2131.1330566406,17706.8496093750
2023-04-18,785.5534057617,867.8660278320,507.1071166992,2825.2482910156,1130.5205078125,921.2685546875,334.5397338867,2380.8562011719,1063.4449462891,2133.6357421875,17660.1503906250
2023-04-19,788.4407958984,863.0761108398,501.9510803223,2788.1135253906,1106.1478271484,899.4891357422,334.7496032715,2372.0019531250,1068.7385253906,2136.5234375000,17618.7500000000
2023-04-20,791.3754272461,865.4953002930,506.1316833496,2801.8303222656,1098.2482910156,898.4501342773,336.0509033203,2335.4604492188,1066.0349121094,2149.1811523438,17624.4492187500
2023-04-21,792.6535034180,857.0280761719,504.5987854004,2852.4111328125,1101.7941894531,908.3653564453,342.7248229980,2340.4731445312,1067.3753662109,2132.2880859375,17624.0507812500
2023-04-24,799.0671997070,875.5107421875,515.2360839844,2864.9995117188,1100.8515625000,912.7819824219,343.1026000977,2342.1599121094,1071.4650878906,2145.4753417969,17743.4003906250
2023-04-25,787.7070922852,883.9296875000,521.9249877930,2866.0825195312,1099.5947265625,912.2623291016,345.4951782227,2333.4458007812,1079.6667480469,2163.8122558594,17769.2500000000
2023-04-26,791.3281250000,885.3811645508,526.1520385742,2886.0710449219,1101.9738769531,922.7407226562,346.0828552246,2352.5131835938,1073.3280029297,2190.9565429688,17813.5996093750
2023-04-27,795.6829223633,888.6712036133,524.6657104492,2876.8671875000,1118.7604980469,927.6768188477,349.2309875488,2313.3012695312,1080.1212158203,2219.3046875000,17915.0507812500
2023-04-28,798.8068847656,887.9939575195,537.2539672852,2905.1118164062,1124.5958251953,937.2330932617,357.2481689453,2302.3859863281,1099.8646240234,2275.9035644531,18065.0000000000
2023-05-02,798.6411743164,892.3000488281,534.4667968750,2905.2478027344,1146.7689208984,940.2718505859,356.3247070312,2297.1391601562,1109.2025146484,2295.2033691406,18147.6503906250
2023-05-03,801.4339599609,893.0257568359,530.0075073242,2869.6018066406,1139.3182373047,932.6970825195,358.5913391113,2329.2766113281,1099.6829833984,2268.1071777344,18089.8496093750
2023-05-04,817.8351440430,891.9130249023,538.8332519531,2906.4206542969,1143.2679443359,939.6112060547,356.4506530762,2348.7182617188,1112.3605957031,2268.6845703125,18255.8007812500
2023-05-05,769.4835815430,896.9934082031,535.5816650391,2915.4453125000,1130.2961425781,929.7024536133,359.9345397949,2343.0964355469,1109.5206298828,2288.5131835938,18069.0000000000
2023-05-08,778.3822631836,907.5894775391,542.1777343750,2933.4033203125,1136.1312255859,947.4940185547,362.2011718750,2357.6662597656,1123.2205810547,2276.8662109375,18264.4003906250
2023-05-09,778.4060058594,904.2026367188,532.7946166992,2962.8669433594,1140.7095947266,950.3566894531,355.7790222168,2357.1982421875,1126.6967773438,2285.4814453125,18265.9492187500
2023-05-10,782.0032958984,905.7991943359,531.5869140625,2966.0708007812,1134.0217285156,949.7402954102,357.0802001953,2363.6625976562,1134.4443359375,2275.9519042969,18315.0996093750
2023-05-11,782.5240478516,908.8474731445,532.7481689453,2961.8745117188,1127.6031494141,958.3718261719,352.9247436523,2428.9689941406,1127.0377197266,2158.2292480469,18297.0000000000
2023-05-12,789.4347534180,913.3955688477,537.1146240234,2954.7902832031,1117.8179931641,964.8895874023,352.9667053223,2458.0146484375,1128.8778076172,2137.9675292969,18314.8007812500
2023-05-15,793.2214965820,915.1857910156,540.5984497070,2937.4189453125,1129.6229248047,968.6327514648,359.1370239258,2494.4155273438,1131.1043701172,2162.7536621094,18398.8496093750
2023-05-16,788.6732788086,915.7663574219,544.6860961914,2940.2160644531,1134.9643554688,960.6617431641,355.9049377441,2507.2048339844,1114.9960937500,2143.8388671875,18286.5000000000
2023-05-17,784.4360961914,908.9926147461,544.6860961914,2895.5917968750,1119.3442382812,946.4373168945,358.9690856934,2493.9467773438,1108.4073486328,2136.5234375000,18181.7500000000
2023-05-18,787.5720214844,915.9115600586,533.4449462891,2887.6047363281,1118.5363769531,951.1493530273,352.3370666504,2461.9033203125,1106.0218505859,2106.2988281250,18129.9492187500
2023-05-19,788.4816894531,923.4594726562,534.3275146484,2908.3605957031,1139.0937500000,964.7573852539,352.4630126953,2474.9262695312,1109.6114501953,2108.0795898438,18203.4003906250
2023-05-22,785.6808471680,919.6370239258,536.1856079102,2976.8093261719,1160.5487060547,986.3363647461,356.5765380859,2471.7880859375,1115.5412597656,2133.6357421875,18314.4003906250
2023-05-23,783.8375854492,922.5885620117,540.3197021484,2975.3208007812,1167.0572509766,975.3267211914,360.2703247070,2462.6057128906,1115.3369140625,2115.3947753906,18348.0000000000
2023-05-24,773.5920410156,910.2506103516,541.3416748047,2981.0061035156,1165.8002929688,979.3784179688,363.9221496582,2450.0969238281,1108.8389892578,2103.3627929688,18285.4003906250
2023-05-25,770.6236572266,909.4763793945,539.9945068359,2972.1166992188,1170.9171142578,982.9454345703,370.3442993164,2433.5131835938,1108.7027587891,2122.1809082031,18321.1503906250
2023-05-26,773.5920410156,919.9757080078,544.4073486328,3004.0625000000,1182.6770019531,1003.3792114258,372.4010314941,2485.1394042969,1138.9428710938,2135.4165039062,18499.3496093750
2023-05-29,783.0237426758,917.5082397461,552.7686157227,2996.3471679688,1179.9390869141,991.9292602539,377.0183410645,2483.2187500000,1145.3497314453,2141.2880859375,18598.6503906250
2023-05-30,783.6221923828,919.2500000000,550.7247314453,2992.6015625000,1188.4222412109,1000.4287109375,386.1734313965,2489.0749511719,1145.0544433594,2128.0527343750,18633.8496093750
2023-05-31,771.2221679688,918.4758911133,549.1620483398,2968.5068359375,1183.4400634766,1008.5759277344,382.3966369629,2499.3813476562,1122.3118896484,2123.0954589844,18534.4003906250
2023-06-01,767.9425659180,905.8475952148,551.9086914062,2999.6413574219,1184.5172119141,1005.7574462891,377.4182128906,2527.8181152344,1119.2901611328,2125.1650390625,18487.7500000000
2023-06-02,769.1394653320,907.8313598633,556.1231079102,2983.0361328125,1181.7882080078,1001.4857177734,380.5941162109,2545.4328613281,1115.6322021484,2150.9140625000,18534.0996093750
2023-06-05,768.1340332031,916.1534423828,556.1231079102,2967.9653320312,1186.7916259766,1002.5866699219,378.2336730957,2525.8505859375,1125.6516113281,2183.4006347656,18593.8496093750
2023-06-06,765.7402954102,911.6536865234,554.3709716797,2916.8891601562,1163.5927734375,994.0432739258,380.0791320801,2521.4936523438,1126.6059570312,2192.6894531250,18599.0000000000
2023-06-07,769.7139892578,909.8151245117,558.0172119141,2955.3317871094,1172.6446533203,994.4393920898,381.0662231445,2544.9641113281,1135.1484375000,2228.8342285156,18726.4003906250
2023-06-08,770.1926879883,907.5894775391,557.3543090820,2920.6337890625,1167.0498046875,992.4137573242,380.1649475098,2510.9526367188,1135.8300781250,2252.7060546875,18634.5507812500
2023-06-09,771.1024780273,907.7344970703,548.0729980469,2896.1333007812,1151.7203369141,977.4406738281,376.3452758789,2470.0078125000,1127.7873535156,2274.5561523438,18563.4003906250
2023-06-12,766.4105224609,905.7023925781,548.0256958008,2930.0637207031,1175.3742675781,1003.7756347656,375.0577392578,2476.8005371094,1128.7869873047,2252.3688964844,18601.5000000000
2023-06-13,767.7031250000,913.0568237305,545.8946533203,2927.1767578125,1187.1102294922,996.4210815430,382.3108215332,2507.2048339844,1145.4633789062,2266.2778320312,18716.1503906250
2023-06-14,766.8652954102,909.4281005859,546.0367431641,2933.8090820312,1183.0618896484,1000.4287109375,381.5382995605,2528.6142578125,1159.5496826172,2266.9038085938,18755.9003906250
2023-06-15,757.4336547852,896.6546630859,536.5186157227,2924.0356445312,1170.6890869141,1007.2546997070,384.6284179688,2520.1347656250,1159.8677978516,2272.9196777344,18688.0996093750
2023-06-16,767.3440551758,904.0090332031,541.0172119141,2886.3974609375,1175.1013183594,1011.3063964844,388.9201965332,2544.4489746094,1171.1594238281,2278.2138671875,18826.0000000000
2023-06-19,768.0144042969,893.3161621094,538.7442016602,2918.6718750000,1177.2392578125,1001.9260864258,389.3493041992,2534.6250000000,1159.5268554688,2277.7807617188,18755.4492187500
2023-06-20,769.6182861328,895.6386108398,537.3710327148,2934.4003906250,1185.7910156250,1029.3183593750,388.7055664062,2527.8710937500,1161.9351806641,2292.8452148438,18816.6992187500
2023-06-21,783.0716552734,894.8160400391,536.3765258789,2962.1284179688,1182.1064453125,1030.9036865234,383.7271423340,2528.3432617188,1165.2067871094,2304.8291015625,18856.8496093750
2023-06-22,786.9017944336,895.8321533203,533.1564941406,2944.2189941406,1165.9128417969,1024.6942138672,384.2421569824,2507.3259277344,1152.1201171875,2325.8132324219,18771.2500000000
2023-06-23,786.8539428711,893.6547851562,525.2484130859,2924.0817871094,1150.8560791016,1026.2355957031,381.7528991699,2495.2822265625,1142.6916503906,2300.1123046875,18665.5000000000
2023-06-26,783.0476684570,897.4772338867,527.5687255859,2899.8073730469,1155.7233886719,1028.3054199219,382.5683288574,2505.2004394531,1133.9670410156,2288.5615234375,18691.1992187500
2023-06-27,794.0833129883,905.8475952148,536.1397705078,2906.8081054688,1163.7292480469,1030.5075683594,382.0533142090,2504.4919433594,1134.3762207031,2298.6687011719,18817.4003906250
2023-06-28,802.4856567383,907.1539916992,539.6439819336,2923.2629394531,1176.6478271484,1030.7275390625,385.7013244629,2513.8437500000,1149.3939208984,2330.8186035156,18972.0996093750
2023-06-30,814.5745239258,904.3961181641,542.5325317383,3002.1760253906,1214.9946289062,1046.3172607422,387.6326599121,2529.8073730469,1158.8226318359,2382.8935546875,19189.0507812500
2023-07-03,823.3838500977,912.0891113281,554.4657592773,2974.9472656250,1213.3569335938,1040.7244873047,397.6324462891,2551.4389648438,1188.5628662109,2362.1982421875,19322.5507812500
2023-07-04,827.4055175781,914.1696777344,558.0645751953,3008.1760253906,1223.7736816406,1048.6511230469,400.2933349609,2550.4475097656,1176.3168945312,2369.7065429688,19389.0000000000
2023-07-05,801.1210937500,927.0399169922,559.3431396484,3018.2678222656,1225.7299804688,1052.3503417969,407.8039245605,2603.2036132812,1174.3857421875,2378.3212890625,19398.5000000000
2023-07-06,801.9350585938,928.3946533203,561.1426391602,3020.9492187500,1222.6367187500,1039.8875732422,406.7739257812,2604.3845214844,1199.0367431641,2395.4550781250,19497.3007812500
2023-07-07,794.9450683594,915.8148193359,562.1843261719,3026.7221679688,1210.1728515625,1019.5856323242,402.0529785156,2548.6525878906,1196.6965332031,2357.6743164062,19331.8007812500
2023-07-10,793.0538940430,917.7501831055,561.2373046875,2974.6291503906,1209.2176513672,990.4320678711,399.8641967773,2509.4042968750,1242.7947998047,2347.4709472656,19355.9003906250
2023-07-11,789.1998901367,914.4116210938,557.4016723633,2975.0383300781,1226.9125976562,981.9766845703,406.1301574707,2535.8056640625,1256.2677001953,2381.9311523438,19439.4003906250
2023-07-12,781.8028564453,913.8793945312,558.0645751953,2963.6738281250,1212.9931640625,978.1453857422,405.4005432129,2525.5568847656,1257.6535644531,2363.0646972656,19384.3007812500
2023-07-13,785.7048339844,924.8141479492,554.6551513672,3036.9953613281,1241.9235839844,976.6040039062,405.1430664062,2507.6564941406,1246.4073486328,2358.4443359375,19413.7500000000
2023-07-14,787.3327026367,929.0236206055,553.4712524414,3195.2746582031,1297.2832031250,1013.7283935547,405.9155578613,2528.6267089844,1245.3621826172,2379.7170410156,19564.5000000000
2023-07-17,803.8022460938,937.3940429688,569.2874755859,3174.4104003906,1294.5537109375,1016.1947021484,405.4434509277,2533.1608886719,1270.8084716797,2376.3962402344,19711.4492187500
2023-07-18,803.1320190430,943.9258422852,561.0005493164,3179.0927734375,1342.0892333984,1028.0410156250,405.5722045898,2534.1999511719,1281.6002197266,2382.0751953125,19749.2500000000
2023-07-19,806.7705688477,941.9905395508,569.6190185547,3154.7277832031,1341.8616943359,1029.6708984375,411.0227966309,2523.6203613281,1291.3243408203,2400.7973632812,19833.1503906250
2023-07-20,808.5180664062,963.4247436523,577.7637939453,3156.7788085938,1318.7082519531,1026.7834472656,422.4388732910,2553.5173339844,1289.7604980469,2396.5139160156,19979.1503906250
2023-07-21,802.2941894531,964.7794799805,582.5465087891,3070.1870117188,1211.4462890625,990.9373168945,420.9797058105,2459.7646484375,1249.8347167969,2489.4499511719,19745.0000000000
2023-07-24,803.5628662109,959.9411010742,584.9616088867,3094.2956542969,1215.9953613281,988.6721191406,404.5851135254,2437.3300781250,1224.5549316406,2507.7392578125,19672.3496093750
2023-07-25,812.2764892578,962.5537719727,577.3375854492,3098.3063964844,1214.1757812500,987.4728393555,396.8170166016,2425.9003906250,1223.7673339844,2465.0490722656,19680.5996093750
2023-07-26,809.4516601562,964.2472534180,582.5939331055,3088.4165039062,1227.1400146484,990.5375976562,405.3576049805,2440.2109375000,1243.6562500000,2547.2048339844,19778.3007812500
2023-07-27,801.0493774414,958.2476196289,583.9197998047,3096.2553710938,1231.0520019531,992.6253051758,399.1774902344,2427.5061035156,1232.0871582031,2560.6325683594,19659.9003906250
2023-07-28,786.8539428711,964.0053710938,583.4462890625,3058.4282226562,1219.5433349609,980.3657226562,402.0958862305,2441.4392089844,1244.4686279297,2550.3811035156,19646.0507812500
2023-07-31,790.5403442383,966.0374145508,587.3766479492,3118.6323242188,1233.3719482422,992.0478515625,399.7354125977,2418.9575195312,1255.0039062500,2580.9907226562,19753.8007812500
2023-08-01,795.8308105469,962.4086914062,579.4685668945,3146.5246582031,1242.0146484375,1011.4144287109,398.9628601074,2409.7949218750,1237.2563476562,2566.8408203125,19733.5507812500
2023-08-02,785.4176025391,955.0543212891,566.7777099609,3136.1333007812,1234.4179687500,1004.6627197266,394.9286193848,2426.6557617188,1224.0380859375,2552.7248535156,19526.5507812500
2023-08-03,779.7442016602,933.8135986328,559.2484741211,3099.0354003906,1241.1959228516,999.8655395508,391.4522705078,2409.9836425781,1218.8934326172,2529.3117675781,19381.6503906250
2023-08-04,791.0191040039,939.1359252930,542.9587402344,3138.7768554688,1253.9781494141,1016.6114501953,390.5080871582,2404.9770507812,1235.4595947266,2557.3491210938,19517.0000000000
2023-08-07,790.5643310547,944.1194458008,537.8446044922,3175.6918945312,1267.3062744141,1022.3413085938,390.4651794434,2426.8923339844,1242.4995117188,2566.1105957031,19597.3007812500
2023-08-08,789.9180297852,948.2321777344,542.7693481445,3163.4328613281,1264.7587890625,1013.9462890625,388.2763977051,2423.7277832031,1235.0162353516,2562.5085449219,19570.8496093750
2023-08-09,790.2052001953,949.0126953125,543.3849487305,3156.0493164062,1268.5799560547,1016.4337158203,393.6839904785,2410.8337402344,1243.1640625000,2581.3952636719,19632.5507812500
2023-08-10,783.1912841797,940.6220703125,543.2902221680,3137.4550781250,1263.7580566406,1007.6833496094,387.7613830566,2396.1921386719,1248.7022705078,2573.5095214844,19543.0996093750
2023-08-11,775.0283203125,929.6459960938,543.7637939453,3143.5622558594,1248.0646972656,1040.6862792969,385.1863403320,2363.2255859375,1253.9699707031,2568.6420898438,19428.3007812500
2023-08-14,771.2460937500,936.1829223633,531.1203002930,3144.5190429688,1267.8066406250,1040.2867431641,385.5725708008,2392.7917480469,1268.7884521484,2589.4753417969,19434.5507812500
2023-08-16,768.9958496094,933.2071533203,535.4295043945,3152.3120117188,1290.5052490234,1045.7500000000,386.4738464355,2411.2116699219,1267.7545166016,2619.8005371094,19465.0000000000
2023-08-17,764.7348632812,928.4752807617,541.8696289062,3131.6674804688,1284.1824951172,1045.3503417969,378.5340576172,2402.3793945312,1249.4654541016,2582.2714843750,19365.2500000000
2023-08-18,761.5988769531,927.4995727539,542.6272583008,3069.0932617188,1263.4853515625,1042.6850585938,379.0919799805,2413.2426757812,1258.7208251953,2572.0004882812,19310.1503906250
2023-08-21,761.0003662109,931.9387817383,541.4434204102,3100.5849609375,1278.5874023438,1047.6157226562,384.3708801270,2420.7993164062,1244.9863281250,2591.7631835938,19393.5996093750
2023-08-22,757.7448730469,928.8167724609,538.4127807617,3082.8107910156,1277.0861816406,1047.8378906250,389.9072265625,2423.6809082031,1244.6899414062,2607.8750000000,19396.4492187500
2023-08-23,759.6119995117,943.3050537109,546.3682250977,3097.4860839844,1280.9074707031,1050.5028076172,386.6455078125,2431.4733886719,1246.0733642578,2645.6477050781,19444.0000000000
2023-08-24,756.1170654297,945.3539428711,546.4155883789,3087.9150390625,1295.1450195312,1040.5087890625,387.0317687988,2438.2746582031,1225.1258544922,2616.9772949219,19386.6992187500
2023-08-25,747.5949707031,946.7686767578,539.7861328125,3082.0366210938,1291.9609375000,1025.1398925781,380.5512084961,2421.5551757812,1219.4691162109,2568.5446777344,19265.8007812500
2023-08-28,755.3749389648,946.9150390625,542.5325317383,3076.7949218750,1287.9124755859,1018.4768676758,378.8774108887,2414.1398925781,1207.3156738281,2623.9868164062,19306.0507812500
2023-08-29,761.3834838867,944.1831665039,544.4266357422,3077.3422851562,1289.7320556641,1028.3378906250,377.7615356445,2386.2263183594,1195.7551269531,2646.9619140625,19342.6503906250
2023-08-30,755.8297729492,935.5487670898,537.3710327148,3090.8320312500,1305.6530761719,1039.8422851562,380.0791320801,2391.7053222656,1194.6187744141,2637.2753906250,19347.4492187500
2023-08-31,752.3586425781,935.4023437500,531.6411132812,3059.7045898438,1305.9257812500,1041.3082275391,377.4182128906,2366.2954101562,1189.1595458984,2631.1423339844,19253.8007812500
2023-09-01,753.9147338867,945.1100463867,539.4072265625,3080.1220703125,1313.5678710938,1053.4345703125,378.5769958496,2366.0593261719,1191.9509277344,2630.5583496094,19435.3007812500
2023-09-04,758.6306762695,943.7929077148,545.0896606445,3115.9436035156,1332.9005126953,1094.9217529297,375.5298156738,2362.8474121094,1190.9875488281,2639.3198242188,19528.8007812500
2023-09-05,754.0104980469,944.8173828125,542.6746215820,3125.8334960938,1345.4552001953,1097.6309814453,380.3366088867,2368.1848144531,1197.3608398438,2660.5910644531,19574.9003906250
2023-09-06,763.8730468750,934.1828002930,540.3068847656,3126.3347167969,1344.1361083984,1097.8975830078,384.0704650879,2383.7236328125,1199.8802490234,2658.1574707031,19611.0507812500
2023-09-07,771.2221679688,942.1343383789,548.4044799805,3149.4406738281,1333.9011230469,1114.0217285156,382.7400817871,2368.5622558594,1201.5107421875,2771.0373535156,19727.0507812500
2023-09-08,777.2306518555,946.9150390625,552.5715942383,3137.2729492188,1336.9943847656,1121.1730957031,379.9503479004,2374.5607910156,1209.5141601562,2824.7761230469,19819.9492187500
2023-09-11,781.2523803711,954.4274902344,560.3849487305,3172.5932617188,1343.2260742188,1138.4965820312,383.8558959961,2395.7673339844,1222.5570068359,2817.5717773438,19996.3496093750
2023-09-12,783.6940307617,966.3791503906,557.2122802734,3263.8793945312,1365.6519775391,1139.2518310547,387.2463989258,2360.4392089844,1204.8948974609,2866.1511230469,19993.1992187500
2023-09-13,787.0454101562,965.6962890625,564.8835449219,3252.0759277344,1363.1503906250,1132.8997802734,389.2634887695,2367.7124023438,1210.9222412109,2829.7895507812,20070.0000000000
2023-09-14,786.5665893555,963.6473999023,565.6885986328,3244.9660644531,1370.9741210938,1140.3176269531,386.2163085938,2362.2807617188,1212.0338134766,2841.3261718750,20103.0996093750
2023-09-15,795.5914306641,968.2817382812,567.1091308594,3279.8303222656,1375.2047119141,1158.9736328125,384.8429870605,2332.9033203125,1214.2817382812,2831.5419921875,20192.3496093750
2023-09-18,779.9357299805,966.0864868164,571.9866333008,3286.9855957031,1357.1912841797,1159.3287353516,388.0188598633,2350.8034667969,1203.7091064453,2842.5429687500,20133.3007812500
2023-09-20,748.6483154297,963.1107177734,569.2874755859,3286.8940429688,1355.7812500000,1149.0239257812,388.7913818359,2330.2114257812,1176.8826904297,2813.4831542969,19901.4003906250
2023-09-21,743.6929931641,935.9389648438,557.0228881836,3267.9812011719,1366.2434082031,1135.3427734375,384.1133728027,2336.3513183594,1168.3110351562,2822.5856933594,19742.3496093750
2023-09-22,732.3462524414,927.1581420898,566.4935913086,3284.7065429688,1361.1488037109,1131.5227050781,380.3366088867,2344.9472656250,1163.4447021484,2841.2287597656,19674.2500000000
2023-09-25,732.9925537109,933.0607299805,562.6105346680,3260.5522460938,1341.1339111328,1122.4169921875,379.9074096680,2338.7131347656,1156.2810058594,2825.6523437500,19674.5507812500
2023-09-26,736.1763305664,925.5971069336,562.9420166016,3268.3454589844,1328.8519287109,1120.6402587891,379.7786560059,2341.6411132812,1157.2938232422,2835.4360351562,19664.6992187500
2023-09-27,731.0056152344,920.1334838867,558.5381469727,3271.6269531250,1334.6290283203,1120.3291015625,385.5296630859,2363.1784667969,1170.3366699219,2886.5463867188,19716.4492187500
2023-09-28,729.4975585938,919.6455688477,558.7276000977,3223.7280273438,1309.5650634766,1103.2723388672,378.3194885254,2324.0715332031,1153.1440429688,2930.3061523438,19523.5507812500
2023-09-29,730.7423706055,928.7191772461,566.8723754883,3216.2990722656,1305.9257812500,1096.9648437500,381.4524230957,2329.0305175781,1158.5290527344,2943.4973144531,19638.3007812500
2023-10-03,722.0048828125,917.4016723633,571.0395507812,3202.8547363281,1304.6066894531,1100.4294433594,377.4611511230,2332.1477050781,1145.2639160156,2991.8813476562,19528.7500000000
2023-10-04,732.2983398438,907.4012451172,555.2233886719,3224.6396484375,1314.0229492188,1101.1846923828,374.3281250000,2368.9404296875,1143.2878417969,2947.5861816406,19436.0996093750
2023-10-05,735.2667236328,917.9382324219,560.8111572266,3271.6726074219,1331.3992919922,1097.5422363281,374.2851562500,2379.9921875000,1143.2631835938,3014.0776367188,19545.7500000000
2023-10-06,734.4528808594,922.1823730469,562.7999877930,3300.8857421875,1345.2734375000,1099.5410156250,379.5211486816,2360.9580078125,1145.1898193359,3011.7900390625,19653.5000000000
2023-10-09,725.9307861328,915.7431030273,554.1342163086,3316.3359375000,1342.3164062500,1110.1129150391,378.0619812012,2372.1992187500,1135.4326171875,2993.2929687500,19512.3496093750
2023-10-10,730.0481567383,928.0362548828,560.3376464844,3307.7221679688,1360.2391357422,1120.9511718750,381.4524230957,2376.8273925781,1140.4470214844,2994.5585937500,19689.8496093750
2023-10-11,737.1099243164,929.8898925781,557.2122802734,3290.4035644531,1359.5566406250,1106.5593261719,384.7571411133,2414.8010253906,1158.5537109375,3006.9223632812,19811.3496093750
2023-10-12,742.0173339844,931.0119018555,555.0339355469,3229.0148925781,1333.2644042969,1087.1484375000,386.8601074219,2415.3679199219,1160.7026367188,3000.1562500000,19794.0000000000
2023-10-13,735.2667236328,928.1337890625,545.6578979492,3254.8103027344,1302.0137939453,1115.7098388672,384.8429870605,2427.1281738281,1160.6534423828,3007.7988281250,19751.0507812500
2023-10-16,732.3223266602,928.2313842773,545.1843872070,3212.1518554688,1304.7432861328,1128.8134765625,385.3580017090,2416.5959472656,1158.0596923828,3019.7727050781,19731.7500000000
2023-10-17,737.8759765625,930.6704711914,545.9420166016,3196.6567382812,1312.2941894531,1134.5874023438,389.2205505371,2414.5651855469,1163.5928955078,2985.1154785156,19811.5000000000
2023-10-18,727.6065063477,920.7675781250,542.3432006836,3178.6086425781,1310.5656738281,1127.7471923828,387.6755065918,2407.1027832031,1148.1540527344,2964.9633789062,19671.0996093750
2023-10-19,725.3083496094,912.9624633789,540.9699096680,3157.9558105469,1304.2882080078,1125.8817138672,386.6026306152,2406.9611816406,1139.3354492188,2973.5305175781,19624.6992187500
2023-10-20,729.0666503906,910.0355224609,533.2985839844,3193.5048828125,1298.4659423828,1128.7962646484,376.2164916992,2356.9436035156,1135.8524169922,2932.5939941406,19542.6503906250
2023-10-23,721.0473632812,907.3037109375,523.6857299805,3116.3754882812,1281.5440673828,1109.1101074219,374.1564331055,2345.9389648438,1118.1162109375,2879.9748535156,19281.7500000000
2023-10-25,716.4751586914,893.7909545898,526.7637329102,3098.0524902344,1262.5603027344,1102.2491455078,371.4096984863,2340.0825195312,1115.5225830078,2838.8920898438,19122.1503906250
2023-10-26,700.6279296875,886.5224609375,518.0505981445,3049.2985839844,1252.7918701172,1104.7601318359,372.8260192871,2339.2321777344,1099.9849853516,2788.7558593750,18857.2500000000
2023-10-27,703.3808593750,890.5225830078,531.4517822266,3062.2749023438,1272.0521240234,1137.8546142578,372.3110046387,2344.5693359375,1119.4008789062,2825.0681152344,19047.2500000000
2023-10-30,711.0172119141,902.3766479492,535.2874755859,3087.4978027344,1269.0109863281,1134.3118896484,369.4784545898,2341.5939941406,1142.4726562500,2848.8710937500,19140.9003906250
2023-10-31,706.8997802734,893.0592041016,535.6188964844,3078.5424804688,1261.0396728516,1144.4018554688,367.7188110352,2346.4113769531,1130.3192138672,2851.4992675781,19079.5996093750
2023-11-01,705.9421997070,891.7909545898,536.4239501953,3043.7236328125,1247.9075927734,1129.1101074219,367.4613342285,2335.3122558594,1135.0126953125,2818.6428222656,18989.1503906250
2023-11-02,707.0194091797,897.5472412109,541.8222045898,3070.6374511719,1262.6524658203,1142.0698242188,370.0792846680,2366.2849121094,1146.2767333984,2840.8393554688,19133.2500000000
2023-11-03,710.3708496094,911.0599365234,547.5521240234,3062.2297363281,1280.0697021484,1135.6572265625,371.8818054199,2387.6467285156,1146.0296630859,2834.1706542969,19230.5996093750
2023-11-06,715.5175170898,922.4262695312,543.9531860352,3089.0512695312,1293.2016601562,1138.7514648438,373.6843872070,2376.3710937500,1155.5646972656,2896.6708984375,19411.7500000000
2023-11-07,712.0465087891,925.0116577148,549.0673828125,3080.0957031250,1294.1231689453,1142.5632324219,371.4096984863,2375.4672851562,1148.0552978516,2882.8955078125,19406.6992187500
2023-11-08,714.1052246094,912.9624633789,549.5882568359,3090.2395019531,1281.8665771484,1136.9129638672,375.0577392578,2397.2575683594,1154.0332031250,2917.1147460938,19443.5000000000
2023-11-09,711.2805175781,914.5234375000,547.7415161133,3059.0766601562,1266.9376220703,1136.7785644531,372.8689270020,2356.6743164062,1141.5092773438,2944.7631835938,19395.3007812500
2023-11-10,714.0812377930,915.7431030273,548.8306274414,3046.2829589844,1261.4544677734,1125.9711914062,374.7143859863,2366.0468750000,1143.6583251953,2952.9404296875,19425.3496093750
2023-11-13,712.7885742188,911.6940917969,550.5827026367,3044.5471191406,1265.7857666016,1130.9488525391,374.2423400879,2358.0537109375,1143.5101318359,2967.7863769531,19443.5507812500
2023-11-15,720.2573852539,918.1821289062,553.7554321289,3111.0295410156,1299.8366699219,1144.9848632812,379.3494873047,2365.9040527344,1164.1857910156,2983.8012695312,19675.4492187500
2023-11-16,722.1484985352,913.2063598633,553.7080688477,3196.5207519531,1331.5378417969,1175.8367919922,376.5169677734,2370.4714355469,1166.2854003906,2970.3664550781,19765.1992187500
2023-11-17,720.5924682617,899.4009399414,533.2512207031,3200.7243652344,1324.7644042969,1174.1329345703,377.0319213867,2406.2492675781,1163.7410888672,3026.6848144531,19731.8007812500
2023-11-20,720.6403198242,899.0107421875,533.9141845703,3216.3972167969,1323.8890380859,1188.7071533203,374.9289855957,2384.9824218750,1160.6781005859,3007.0197753906,19694.0000000000
2023-11-21,726.7446289062,903.5474243164,531.7832641602,3207.8066406250,1326.1007080078,1189.7833251953,374.4569091797,2383.8405761719,1175.2769775391,2993.4389648438,19783.4003906250
2023-11-22,724.1593627930,900.2790527344,529.3682250977,3226.0378417969,1343.4255371094,1192.5634765625,377.4182128906,2399.6838378906,1179.8715820312,3000.6918945312,19811.8496093750
2023-11-23,728.3485107422,900.5229492188,530.3153076172,3206.0244140625,1335.5465087891,1191.9357910156,377.9761047363,2397.7807617188,1183.4780273438,2965.0119628906,19802.0000000000
2023-11-24,733.5192260742,906.7670898438,530.6941528320,3159.2810058594,1324.6262207031,1174.1329345703,375.7873229980,2393.3083496094,1182.6875000000,2973.3845214844,19794.6992187500
2023-11-28,731.8674926758,902.9620971680,534.5771484375,3171.2065429688,1329.5102539062,1180.8593750000,373.5985107422,2388.8840332031,1182.9345703125,2969.2470703125,19889.6992187500
2023-11-29,746.4699096680,916.7186889648,538.5075073242,3211.0505371094,1345.0844726562,1196.3752441406,375.2723388672,2402.6811523438,1186.0471191406,3002.1035156250,20096.5996093750
2023-11-30,746.3023071289,912.1819458008,534.8612670898,3187.1533203125,1340.9837646484,1202.6083984375,374.0706481934,2422.1875000000,1174.5606689453,3026.8793945312,20133.1503906250
2023-12-01,744.6744995117,923.6458740234,541.4907836914,3209.1313476562,1338.3571777344,1198.8415527344,386.0875854492,2439.4104003906,1182.8853759766,3106.1728515625,20267.9003906250
2023-12-04,770.5279541016,967.0621337891,563.2261962891,3209.8627929688,1349.4617919922,1199.9626464844,389.7355651855,2476.1872558594,1195.6810302734,3225.8190917969,20686.8007812500
2023-12-05,777.3742065430,988.7703247070,576.0590820312,3227.3635253906,1339.8776855469,1181.6665039062,387.7613830566,2439.0300292969,1204.3514404297,3227.6687011719,20855.0996093750
2023-12-06,779.3372802734,978.8187255859,576.2484741211,3293.6174316406,1358.6312255859,1192.4293212891,397.6324462891,2443.2165527344,1215.8874511719,3302.4841308594,20937.6992187500
2023-12-07,780.6059570312,974.6721801758,579.3265380859,3303.4865722656,1350.8902587891,1191.0389404297,393.2119140625,2396.2104492188,1213.8864746094,3266.7558593750,20901.1503906250
2023-12-08,791.4979248047,986.2335815430,581.6468505859,3314.2705078125,1374.1591796875,1223.4157714844,385.5296630859,2400.0644531250,1213.2441406250,3289.0009765625,20969.4003906250
2023-12-11,790.4446411133,992.3313598633,581.7415161133,3329.0749511719,1371.7170410156,1233.4608154297,388.3622131348,2382.3178710938,1215.0228271484,3296.1560058594,20997.0996093750
2023-12-12,782.5927734375,990.9655151367,579.9894409180,3355.7597656250,1360.2437744141,1233.4608154297,388.9201965332,2381.4616699219,1197.5830078125,3253.9052734375,20906.4003906250
2023-12-13,780.8214111328,989.2093505859,587.0451660156,3283.9765625000,1335.3161621094,1227.9897460938,391.1089477539,2390.1682128906,1202.4739990234,3309.7856445312,20926.3496093750
2023-12-14,790.0377197266,1008.4784545898,590.6440429688,3351.3276367188,1383.6510009766,1268.7076416016,394.9286193848,2394.4025878906,1217.3940429688,3342.2038574219,21182.6992187500
2023-12-15,793.1018676758,1012.1370849609,613.9420776367,3528.3859863281,1454.5638427734,1337.4971923828,393.2977905273,2400.6350097656,1232.9317626953,3395.6501464844,21456.6503906250
2023-12-18,792.6948242188,996.5755004883,614.1788940430,3526.7412109375,1441.6162109375,1349.1563720703,387.6755065918,2412.6247558594,1245.4803466797,3399.1550292969,21418.6503906250
2023-12-19,791.3543090820,990.7216186523,620.7136840820,3487.4455566406,1436.0408935547,1334.8066406250,391.4951782227,2436.6037597656,1263.8094482422,3406.3103027344,21453.0996093750
2023-12-20,793.3171997070,982.1358642578,602.7666015625,3454.4096679688,1415.8588867188,1291.4431152344,387.1176147461,2433.5585937500,1248.5187988281,3327.9904785156,21150.1503906250
2023-12-21,807.5365600586,979.9407348633,609.6802978516,3461.2180175781,1415.4903564453,1275.3894042969,387.5038757324,2429.4667968750,1266.0079345703,3333.4907226562,21255.0507812500
2023-12-22,799.9481201172,970.0866088867,603.0507202148,3494.5737304688,1440.2799072266,1311.8465576172,390.7227172852,2450.7814941406,1267.2430419922,3385.8664550781,21349.4003906250
2023-12-26,805.5018920898,970.8671264648,604.2819213867,3468.5747070312,1422.8166503906,1307.7658691406,391.7956542969,2459.4880371094,1273.6656494141,3397.6462402344,21441.3496093750
2023-12-27,815.4841918945,977.8430786133,614.2262573242,3482.8764648438,1444.1503906250,1320.2326660156,392.3536071777,2481.8967285156,1278.0131835938,3450.1677246094,21654.7500000000
2023-12-28,816.4177246094,981.4041748047,616.9254150391,3472.5498046875,1440.0494384766,1320.5910644531,398.3620605469,2506.1611328125,1287.2518310547,3424.9045410156,21778.6992187500
2023-12-29,818.3328247070,972.3306274414,608.0702514648,3466.6098632812,1421.8491210938,1314.8961181641,396.6453247070,2534.8498535156,1277.0744628906,3432.6442871094,21731.4003906250
2024-01-01,812.9945678711,975.0624389648,607.4072875977,3482.7854003906,1429.6361083984,1330.7259521484,401.7525329590,2526.0957031250,1279.6928710938,3432.1086425781,21741.9003906250
2024-01-02,813.4733276367,958.3300781250,605.6078491211,3457.2883300781,1414.0158691406,1317.9903564453,403.7267761230,2487.1303710938,1290.2900390625,3347.0715332031,21665.8007812500
2024-01-03,800.9296264648,960.0862426758,609.3961181641,3373.7167968750,1373.0994873047,1289.4700927734,409.6494140625,2480.2314453125,1276.2593994141,3349.2622070312,21517.3496093750
2024-01-04,809.5235595703,963.1107177734,608.7332153320,3350.9160156250,1394.0184326172,1273.5056152344,408.9198303223,2466.9099121094,1282.8546142578,3367.1259765625,21658.5996093750
2024-01-05,805.3822021484,969.5012817383,607.9755249023,3415.8908691406,1412.3111572266,1285.0306396484,406.8168640137,2493.0773925781,1288.3138427734,3428.6525878906,21710.8007812500
2024-01-08,796.4052734375,958.0861816406,593.8167724609,3361.4252929688,1403.3260498047,1298.5731201172,399.5637512207,2453.3032226562,1278.2602539062,3408.4038085938,21513.0000000000
2024-01-09,790.2052001953,955.8909301758,592.3015136719,3372.0258789062,1409.3160400391,1309.7839355469,398.7482910156,2454.7302246094,1274.8759765625,3461.8012695312,21544.8496093750
2024-01-10,792.8144531250,968.8670654297,588.8446044922,3393.1813964844,1400.6534423828,1338.2147216797,397.6753540039,2452.4938964844,1309.2613525391,3451.6276855469,21618.6992187500
2024-01-11,789.4871215820,967.0133666992,587.3766479492,3413.7434082031,1376.9698486328,1331.6674804688,397.1174316406,2413.2907714844,1343.6961669922,3412.0544433594,21647.1992187500
2024-01-12,785.7526855469,979.0626220703,600.0674438477,3548.3083496094,1486.2188720703,1381.8922119141,400.5937805176,2420.7131347656,1354.3920898438,3474.3110351562,21894.5507812500
2024-01-15,800.8817138672,985.2579956055,606.2234497070,3567.4987792969,1522.4814453125,1424.4035644531,401.3663024902,2448.4975585938,1377.5130615234,3449.2429199219,22097.4492187500
2024-01-16,803.9219360352,984.4774169922,603.1928100586,3528.6606445312,1503.5438232422,1395.0311279297,405.4005432129,2444.5969238281,1358.2456054688,3478.8864746094,22032.3007812500
2024-01-17,736.1045532227,957.8422241211,592.8696899414,3549.9531250000,1511.5151367188,1413.3719482422,400.5079040527,2438.6967773438,1345.3510742188,3476.4040527344,21571.9492187500
2024-01-18,711.5198974609,962.3302001953,595.0479125977,3566.4023437500,1513.7268066406,1405.8833007812,399.5637512207,2424.5187988281,1351.6500244141,3500.7910156250,21462.2500000000
2024-01-19,704.0989990234,974.8673095703,594.5270385742,3628.4714355469,1529.0244140625,1417.0900878906,404.7138366699,2441.0754394531,1351.1560058594,3549.4667968750,21622.4003906250
2024-01-23,683.3682861328,1003.9904174805,573.0758056641,3550.4367675781,1513.3121337891,1377.0524902344,394.2419433594,2260.4262695312,1312.7442626953,3456.9821777344,21238.8007812500
2024-01-24,697.0371093750,974.8673095703,585.5771484375,3535.2990722656,1543.9534912109,1424.7272949219,397.9328613281,2323.3225097656,1327.8620605469,3494.1706542969,21453.9492187500
2024-01-25,686.9830932617,985.3555297852,580.3208618164,3506.3120117188,1538.1478271484,1401.0932617188,391.1089477539,2310.6196289062,1336.9522705078,3498.3083496094,21352.5996093750
2024-01-29,696.4387207031,991.6484985352,589.9810791016,3497.7536621094,1526.6285400391,1423.0552978516,386.0875854492,2325.9392089844,1430.7956542969,3609.8254394531,21737.5996093750
2024-01-30,691.4834594727,992.1362915039,593.5799560547,3497.3400878906,1521.8824462891,1409.2724609375,376.0019226074,2339.4990234375,1390.8524169922,3537.1032714844,21522.0996093750
2024-01-31,700.2210083008,1003.1123657227,606.6022338867,3511.5117187500,1530.5910644531,1424.3656005859,379.0061340332,2361.2893066406,1409.6258544922,3387.6188964844,21725.6992187500
2024-02-01,702.0402832031,1000.1853637695,613.3739013672,3546.6638183594,1527.0432128906,1425.6308593750,380.1649475098,2353.7246093750,1409.6506347656,3308.0332031250,21697.4492187500
2024-02-02,692.3691406250,999.0633544922,615.2680664062,3649.8662109375,1560.4951171875,1431.3701171875,377.7615356445,2333.7424316406,1440.3306884766,3286.6643066406,21853.8007812500
2024-02-05,691.7467651367,998.5755615234,608.9226684570,3656.3081054688,1554.8277587891,1405.7025146484,376.0019226074,2302.2460937500,1421.8782958984,3253.2727050781,21771.6992187500
2024-02-06,691.3876342773,1001.4049072266,615.8362426758,3806.0278320312,1593.7628173828,1467.5214843750,370.2938842773,2308.7644042969,1410.7869873047,3333.5881347656,21929.4003906250
2024-02-07,684.6130981445,997.2584228516,639.5131835938,3757.6242675781,1560.8637695312,1459.9295654297,370.6372375488,2307.9077148438,1424.9660644531,3304.8208007812,21930.5000000000
2024-02-08,671.7343750000,965.2083740234,662.5271606445,3804.2792968750,1559.3433837891,1476.6044921875,361.2609863281,2299.9150390625,1432.8459472656,3247.1877441406,21717.9492187500
2024-02-09,671.9976806641,986.0872802734,686.8669433594,3803.9113769531,1538.3782958984,1473.7124023438,362.0888977051,2306.6706542969,1443.3443603516,3236.5280761719,21782.5000000000
2024-02-12,665.4864501953,971.8427734375,670.4352416992,3791.9489746094,1548.2847900391,1506.5650634766,354.5507812500,2270.0366210938,1435.0444335938,3212.1899414062,21616.0507812500
2024-02-13,667.6168823242,994.9656372070,675.6915283203,3818.4509277344,1552.3856201172,1505.3448486328,354.4636535645,2277.9819335938,1447.6424560547,3233.5585937500,21743.2500000000
2024-02-14,662.6377563477,997.7951049805,704.0564575195,3772.9919433594,1535.4753417969,1510.6771240234,358.6466369629,2272.2250976562,1463.7235107422,3221.3896484375,21840.0507812500
2024-02-15,677.0007934570,991.8923950195,721.3879394531,3775.8444824219,1544.8289794922,1502.5883789062,351.9800415039,2236.9235839844,1453.0769042969,3212.9196777344,21910.7500000000
2024-02-16,679.8015747070,998.3316650391,714.7583618164,3798.9416503906,1568.1440429688,1507.0168457031,352.5900268555,2260.1406250000,1443.1713867188,3297.0808105469,22040.6992187500
2024-02-19,678.4609985352,1018.3325195312,719.0675659180,3776.3964843750,1566.3929443359,1514.0662841797,356.6422729492,2271.4638671875,1456.4365234375,3251.4230957031,22122.2500000000
2024-02-20,696.2711791992,1023.2106933594,719.8725585938,3709.0825195312,1553.0307617188,1503.0401611328,353.8972167969,2287.5927734375,1453.4969482422,3267.8754882812,22196.9492187500
2024-02-21,689.0177612305,1026.3326416016,730.6692504883,3673.0561523438,1525.6610107422,1478.8638916016,351.5007019043,2290.4472656250,1450.2115478516,3209.1230468750,22055.0507812500
2024-02-22,679.6340332031,1036.8209228516,725.3656616211,3761.0290527344,1549.4365234375,1524.1436767578,361.1738586426,2272.3681640625,1464.0941162109,3274.6899414062,22217.4492187500
2024-02-23,680.1367187500,1035.4550781250,718.8781127930,3728.8212890625,1545.2896728516,1505.4803466797,358.5159301758,2278.0771484375,1475.8276367188,3298.2492675781,22212.6992187500
2024-02-26,680.9506225586,1028.5279541016,718.7360839844,3681.8439941406,1529.9001464844,1491.0651855469,356.5987243652,2287.7353515625,1469.6026611328,3378.2727050781,22122.0507812500
2024-02-27,679.9212646484,1034.3818359375,710.1650390625,3776.9489746094,1533.0792236328,1499.1989746094,358.2980346680,2288.7346191406,1467.9477539062,3413.6115722656,22198.3496093750
2024-02-28,674.7744750977,1020.7226562500,703.2040405273,3790.3381347656,1540.1291503906,1492.9630126953,355.8143920898,2304.1970214844,1438.2805175781,3378.3215332031,21951.1503906250
2024-02-29,671.9019165039,1026.5766601562,708.5076904297,3768.3908691406,1542.5711669922,1503.7633056641,354.0714721680,2295.3952636719,1443.3939208984,3385.4770507812,21982.8007812500
2024-03-01,684.9961547852,1060.4316406250,728.4436035156,3767.7006835938,1524.8775634766,1485.9133300781,356.8601379395,2292.9211425781,1474.3455810547,3537.2980957031,22338.7500000000
2024-03-04,685.9297485352,1065.7489013672,731.1901245117,3755.1396484375,1508.7506103516,1480.3551025391,356.5115661621,2304.6252441406,1489.4384765625,3547.9580078125,22405.5996093750
2024-03-05,689.8316650391,1061.5537109375,742.4603881836,3692.0124511719,1480.4591064453,1463.5445556641,353.9407958984,2283.5485839844,1482.3242187500,3516.9516601562,22356.3007812500
2024-03-06,690.6695556641,1070.3831787109,742.4130249023,3740.0480957031,1490.6422119141,1486.0036621094,355.4222717285,2284.4528808594,1485.0909423828,3545.7675781250,22474.0507812500
2024-03-07,692.3452758789,1061.4559326172,746.3433837891,3780.8137207031,1489.6285400391,1480.0841064453,360.3895568848,2302.2939453125,1461.3028564453,3579.5976562500,22493.5507812500
2024-03-11,683.5838012695,1052.4312744141,732.7528686523,3793.4667968750,1475.0219726562,1480.9879150391,356.7730407715,2274.0332031250,1449.1246337891,3544.2099609375,22332.6503906250
2024-03-12,698.7846679688,1050.6263427734,719.4937744141,3857.7900390625,1486.4031982422,1478.2313232422,352.4593505859,2262.9001464844,1457.8444824219,3525.7614746094,22335.6992187500
2024-03-13,699.1916503906,1057.5534667969,707.7026367188,3817.9907226562,1484.9747314453,1474.5258789062,368.1454772949,2200.5268554688,1415.1098632812,3444.8618164062,21997.6992187500
2024-03-14,696.8216552734,1057.2120361328,701.8308105469,3871.9155273438,1523.5874023438,1517.6813964844,365.7054138184,2221.4606933594,1414.4180908203,3512.6677246094,22146.6503906250
2024-03-15,695.4812011719,1054.0410156250,693.1651000977,3882.6354980469,1505.8015136719,1488.8056640625,365.2261352539,2214.8952636719,1401.3260498047,3443.4990234375,22023.3496093750
2024-03-18,692.3212890625,1054.8704833984,692.2653198242,3821.2114257812,1476.9113769531,1485.2808837891,363.7882080078,2188.4899902344,1422.3227539062,3466.9123535156,22055.6992187500
2024-03-19,693.9012451172,1057.5534667969,685.4937133789,3659.9890136719,1438.9436035156,1445.2882080078,356.9037170410,2157.0891113281,1408.2673339844,3408.9875488281,21817.4492187500
2024-03-20,685.1398315430,1058.0900878906,697.2848510742,3654.0993652344,1432.9534912109,1434.3974609375,362.2631835938,2133.3007812500,1426.5469970703,3416.7758789062,21839.0996093750
2024-03-21,692.1776123047,1055.4559326172,704.9086914062,3655.9858398438,1432.7231445312,1442.2606201172,367.0997619629,2133.6813964844,1433.6856689453,3465.7441406250,22011.9492187500
2024-03-22,690.7891845703,1063.7489013672,707.1817626953,3598.8864746094,1390.4704589844,1407.9619140625,373.5049438477,2147.1931152344,1437.6875000000,3522.0136718750,22096.7500000000
2024-03-26,682.4347534180,1057.3094482422,700.8836669922,3568.1513671875,1375.5415039062,1411.9384765625,372.6770324707,2131.4450683594,1424.3978271484,3572.9289550781,22004.6992187500
2024-03-27,689.7598266602,1057.3582763672,694.4909667969,3534.4709472656,1367.4318847656,1397.4329833984,372.9820556641,2131.1599121094,1475.0617675781,3608.2678222656,22123.6503906250
2024-03-28,693.2070312500,1066.6757812500,712.5327148438,3567.0468750000,1380.5178222656,1395.0378417969,373.2870788574,2154.6152343750,1468.1451416016,3664.2453613281,22326.9003906250
2024-04-01,704.0271606445,1072.8712158203,718.1677856445,3604.2692871094,1378.1218261719,1406.9226074219,371.8491516113,2175.1206054688,1467.0831298828,3736.3835449219,22462.0000000000
2024-04-02,708.6472778320,1054.8704833984,725.8392333984,3573.9487304688,1366.5103759766,1381.2551269531,371.1084289551,2175.8820800781,1469.2320556641,3706.5937500000,22453.3007812500
2024-04-03,709.6766357422,1050.9677734375,730.2430419922,3632.3825683594,1364.4829101562,1388.0787353516,370.5419616699,2155.4240722656,1454.0650634766,3682.3044433594,22434.6503906250
2024-04-04,731.3647460938,1052.5775146484,719.1149291992,3683.9147949219,1370.0582275391,1391.5130615234,368.4069213867,2155.1860351562,1445.4935302734,3697.2966308594,22514.6503906250
2024-04-05,741.8737182617,1057.0168457031,724.2764892578,3661.7832031250,1363.0545654297,1396.5742187500,372.5899047852,2157.0891113281,1442.7020263672,3643.9960937500,22513.6992187500
2024-04-08,740.4613647461,1060.6756591797,727.6385498047,3655.6179199219,1360.8427734375,1391.8747558594,373.9406433105,2158.9924316406,1468.2687988281,3707.0319824219,22666.3007812500
2024-04-09,741.3949584961,1080.0909423828,723.7556152344,3631.6921386719,1377.5688476562,1392.2814941406,371.5441284180,2154.4248046875,1446.2097167969,3685.0302734375,22642.7500000000
2024-04-10,735.5540161133,1082.3836669922,737.8196411133,3666.7524414062,1388.5812988281,1391.0612792969,380.7815246582,2151.3325195312,1461.9450683594,3653.8286132812,22753.8007812500
2024-04-12,727.2233886719,1077.5054931641,725.7444458008,3682.1662597656,1368.2614746094,1375.1093750000,374.8120727539,2124.1186523438,1449.6680908203,3581.8366699219,22519.4003906250
2024-04-15,715.6132812500,1052.0897216797,717.4102172852,3626.7687988281,1352.9637451172,1360.2423095703,371.1519775391,2087.7219238281,1447.3707275391,3505.4638671875,22272.5000000000
2024-04-16,722.5794067383,1041.0649414062,711.9171752930,3563.8259277344,1303.4766845703,1335.1621093750,371.1519775391,2113.1755371094,1448.2847900391,3449.6320800781,22147.9003906250
2024-04-18,715.6132812500,1029.7474365234,705.3822631836,3553.8872070312,1307.9002685547,1325.7174072266,365.0082397461,2107.4665527344,1446.8767089844,3456.9335937500,21995.8496093750
2024-04-19,733.1362304688,1041.2601318359,710.7332763672,3520.9433593750,1300.5279541016,1308.2292480469,370.1498107910,2123.4523925781,1452.6075439453,3425.1970214844,22147.0000000000
2024-04-22,723.9916992188,1060.1877441406,725.5550537109,3556.2805175781,1320.3409423828,1324.8588867188,370.6291198730,2132.8725585938,1462.2166748047,3517.0485839844,22336.4003906250
2024-04-23,721.7894287109,1063.6999511719,732.0898437500,3565.5742187500,1329.2340087891,1343.6124267578,374.0278015137,2153.0925292969,1441.9362792969,3514.5659179688,22368.0000000000
2024-04-24,723.7523193359,1070.0418701172,732.1845092773,3525.4067382812,1318.4979248047,1336.9244384766,373.7663269043,2150.7138671875,1432.8952636719,3538.6120605469,22402.4003906250
2024-04-25,723.2975463867,1086.6276855469,769.6888427734,3544.8698730469,1325.5938720703,1359.4287109375,381.3044128418,2122.7387695312,1442.5784912109,3555.6003417969,22570.3496093750
2024-04-26,722.8427124023,1080.9202880859,758.8920898438,3516.4807128906,1318.0372314453,1332.0439453125,383.4394836426,2114.9357910156,1435.2420654297,3509.7473144531,22419.9492187500
2024-04-29,732.2744750977,1131.8979492188,782.7584228516,3561.4335937500,1322.1840820312,1253.9118652344,381.8708801270,2118.2187500000,1447.5684814453,3538.0769042969,22643.4003906250
2024-04-30,727.7739868164,1122.3852539062,782.5216674805,3515.8361816406,1309.0983886719,1235.1129150391,379.6486206055,2122.3581542969,1449.5198974609,3499.1359863281,22604.8496093750
2024-05-02,733.5910644531,1111.7017822266,786.1205444336,3555.0839843750,1303.4766845703,1229.7805175781,382.5680236816,2118.4091796875,1449.0753173828,3504.1979980469,22648.1992187500
2024-05-03,727.5346069336,1114.2386474609,787.4464721680,3536.7712402344,1305.1816406250,1218.3479003906,380.3457946777,2109.6074218750,1416.9130859375,3407.1379394531,22475.8496093750
2024-05-06,728.9948730469,1118.3851318359,765.0480957031,3608.2268066406,1314.0284423828,1228.0634765625,378.8643493652,2146.8598632812,1402.6105957031,3371.6042480469,22442.6992187500
2024-05-07,721.0952148438,1104.3358154297,759.4603881836,3661.5073242188,1327.8977050781,1219.0415039062,383.7444458008,2264.0895996094,1384.7755126953,3336.9953613281,22302.5000000000
2024-05-08,709.8441772461,1095.6524658203,767.8893432617,3659.6669921875,1315.3186035156,1203.1964111328,384.3109436035,2227.5981445312,1401.6472167969,3394.5310058594,22302.5000000000
2024-05-09,693.0155029297,1088.5302734375,776.4129638672,3644.2529296875,1326.6074218750,1209.0582275391,370.4548339844,2212.9440917969,1377.5130615234,3188.7277832031,21957.5000000000
2024-05-10,697.8200683594,1089.8474121094,774.0926513672,3583.2424316406,1313.1069335938,1205.5319824219,377.6443176270,2248.0563964844,1390.6547851562,3184.8337402344,22055.1992187500
2024-05-13,706.2400512695,1100.5307617188,765.9952392578,3632.8425292969,1311.7706298828,1202.5095214844,376.3371582031,2246.2480468750,1385.9859619141,3206.6408691406,22104.0507812500
2024-05-14,709.0062866211,1093.2623291016,774.8977050781,3589.9604492188,1312.9226074219,1209.9741210938,374.4635009766,2235.7336425781,1403.1539306641,3289.9743652344,22217.8496093750
2024-05-15,698.1111450195,1096.9696044922,776.8865356445,3570.8193359375,1308.5452880859,1220.8278808594,372.8077392578,2210.7084960938,1399.3992919922,3320.9809570312,22200.5507812500
2024-05-16,708.6665649414,1103.5064697266,768.9785156250,3615.8210449219,1339.3248291016,1234.7954101562,375.9885864258,2229.5961914062,1408.3660888672,3368.9758300781,22403.8496093750
2024-05-17,710.5350341797,1102.9698486328,774.5662231445,3553.8571777344,1330.9849853516,1221.1024169922,380.2151184082,2207.9013671875,1418.5927734375,3359.3864746094,22466.0996093750
2024-05-21,707.9629516602,1093.6524658203,786.6888427734,3540.9733886719,1321.6312255859,1229.0709228516,378.9079284668,2198.7187500000,1419.0126953125,3349.8459472656,22529.0507812500
2024-05-22,708.1570434570,1084.0422363281,788.4221191406,3551.9106445312,1340.6612548828,1230.1242675781,383.3523559570,2252.1955566406,1443.2456054688,3369.2192382812,22597.8007812500
2024-05-23,724.3662109375,1106.8725585938,801.2775878906,3608.8693847656,1356.8802490234,1239.7415771484,384.6159667969,2267.0393066406,1468.3430175781,3490.4714355469,22967.6503906250
2024-05-24,736.3046875000,1104.3845214844,797.9072265625,3568.1318359375,1350.1529541016,1232.0935058594,380.1279602051,2254.2409667969,1462.6119384766,3529.8991699219,22957.0996093750
2024-05-27,741.4004516602,1102.2869873047,802.8183593750,3565.8605957031,1355.9125976562,1239.5125732422,376.0321350098,2268.9423828125,1448.7788085938,3555.3081054688,22932.4492187500
2024-05-28,742.7592773438,1099.5062255859,800.3628540039,3559.2331542969,1351.9499511719,1244.1837158203,373.8534851074,2279.8376464844,1438.8485107422,3561.3439941406,22888.1503906250
2024-05-29,731.9855346680,1075.1639404297,792.1776733398,3525.6330566406,1337.1130371094,1239.3291015625,375.5528564453,2258.3806152344,1423.6074218750,3538.5634765625,22704.6992187500
2024-05-30,735.1642456055,1086.5789794922,795.2590942383,3463.0200195312,1315.4567871094,1219.8660888672,369.3655090332,2237.4462890625,1407.8720703125,3538.4660644531,22488.6503906250
2024-05-31,743.2687988281,1093.7501220703,799.5924072266,3402.6320800781,1322.4598388672,1212.7677001953,371.6312866211,2216.1799316406,1413.3560791016,3572.1503906250,22530.6992187500
2024-06-03,762.9965209961,1131.7514648438,872.1032104492,3432.2004394531,1321.5197753906,1203.9290771484,375.0299682617,2241.7285156250,1492.3286132812,3793.9672851562,23263.9003906250
2024-06-04,719.7800292969,1045.3579101562,746.4852905273,3443.4624023438,1310.0050048828,1193.9454345703,368.4968261719,2375.3247070312,1380.6257324219,3313.0957031250,21884.5000000000
2024-06-05,753.0962524414,1081.6520996094,760.4962768555,3472.6140136719,1344.2672119141,1230.7196044922,381.8983459473,2476.6157226562,1403.8210449219,3318.7419433594,22620.3496093750
2024-06-06,756.9301147461,1083.3593750000,786.6887817383,3550.4272460938,1383.8874511719,1279.9959716797,386.4246215820,2426.0415039062,1414.5417480469,3390.3447265625,22821.4003906250
2024-06-07,763.5545654297,1094.3841552734,799.2072753906,3609.3322753906,1441.5554199219,1311.1372070312,389.7528381348,2452.8750000000,1452.4346923828,3438.9721679688,23290.1503906250
2024-06-10,757.7066650391,1096.4329833984,800.9887084961,3576.6589355469,1409.7369384766,1299.4593505859,387.7559204102,2441.0278320312,1453.8674316406,3449.9243164062,23259.1992187500
2024-06-11,759.4052734375,1090.9693603516,804.5997924805,3570.5417480469,1405.9770507812,1308.6643066406,384.2946166992,2432.4643554688,1439.3179931641,3503.4194335938,23264.8496093750
2024-06-12,763.9428100586,1092.2866210938,808.0183105469,3551.5859375000,1396.0603027344,1317.7777099609,383.6733398438,2406.1540527344,1445.8886718750,3534.1828613281,23322.9492187500
2024-06-13,767.1458740234,1080.3836669922,812.6405639648,3594.6872558594,1404.2851562500,1322.7237548828,381.8983459473,2366.8554687500,1447.7906494141,3605.5908203125,23398.9003906250
2024-06-14,774.9834594727,1078.7249755859,808.1145629883,3551.9570312500,1399.5382080078,1310.7252197266,382.6527099609,2382.5649414062,1459.9440917969,3590.1601562500,23465.5996093750
2024-06-18,780.2733764648,1095.5062255859,813.6034545898,3536.2460937500,1408.2799072266,1316.3580322266,380.5226745605,2388.8100585938,1463.3778076172,3591.5231933594,23557.9003906250
2024-06-19,804.5628662109,1116.5800781250,821.0182495117,3523.8254394531,1420.6407470703,1324.2808837891,375.9963684082,2360.7067871094,1441.2694091797,3494.9011230469,23516.0000000000
2024-06-20,810.1437988281,1128.6293945312,812.4960327148,3510.4318847656,1424.4476318359,1322.0823974609,375.6856994629,2384.9189453125,1456.1398925781,3526.7890625000,23567.0000000000
2024-06-21,808.3967285156,1130.4344482422,805.3220214844,3532.2141113281,1440.7094726562,1326.1124267578,372.4019165039,2345.6218261719,1436.8724365234,3468.4584960938,23501.0996093750
2024-06-24,811.6240234375,1141.6054687500,801.8554077148,3537.8217773438,1435.4924316406,1319.7011718750,375.6856994629,2346.4865722656,1424.2989501953,3465.1223144531,23537.8496093750
2024-06-25,830.5266723633,1168.7773437500,811.0516357422,3557.8891601562,1449.4041748047,1326.2041015625,375.6856994629,2336.8784179688,1436.8228759766,3520.2644042969,23721.3007812500
2024-06-26,825.7463989258,1188.3391113281,814.0367431641,3574.0170898438,1448.2292480469,1322.3112792969,376.2626037598,2349.7534179688,1495.9844970703,3535.1293945312,23868.8007812500
2024-06-27,823.1500244141,1190.1928710938,812.7367553711,3646.5942382812,1478.9195556641,1332.5697021484,377.7270202637,2365.6545410156,1512.3126220703,3497.3049316406,24044.5000000000
2024-06-28,817.1564941406,1170.3870849609,817.5034790039,3618.7871093750,1472.7156982422,1336.8746337891,377.1057434082,2376.1274414062,1546.7474365234,3481.6550292969,24010.5996093750
2024-07-01,827.5420532227,1182.3387451172,810.7627563477,3687.4245605469,1495.3222656250,1345.3469238281,380.7889404297,2406.9216308594,1541.5599365234,3460.1674804688,24141.9492187500
2024-07-02,839.8687744141,1161.6063232422,795.5480346680,3723.7590332031,1523.7569580078,1356.2921142578,377.6382446289,2387.7531738281,1546.5251464844,3558.2358398438,24123.8496093750
2024-07-03,858.3347167969,1172.3382568359,808.8368530273,3675.4213867188,1529.7257080078,1356.4752197266,380.1232910156,2411.9658203125,1533.9270019531,3546.3146972656,24286.5000000000
2024-07-04,838.1945190430,1202.9737548828,808.2108764648,3727.0498046875,1551.5803222656,1394.3486328125,380.7889404297,2398.1298828125,1535.5079345703,3506.0375976562,24302.1503906250
2024-07-05,799.8311157227,1203.3640136719,827.9033813477,3718.5688476562,1548.5722656250,1391.6463623047,384.8715515137,2447.1791992188,1569.6955566406,3558.8737792969,24323.8496093750
2024-07-08,793.6434936523,1204.9739990234,824.5330810547,3701.3281250000,1561.9200439453,1404.4692382812,393.7023010254,2485.7556152344,1581.8244628906,3563.6323242188,24320.5507812500
2024-07-09,794.2015380859,1217.8524169922,829.3959960938,3694.1909179688,1557.6900634766,1402.3629150391,401.6899414062,2488.6379394531,1571.3260498047,3597.0908203125,24433.1992187500
2024-07-10,789.1544189453,1212.9254150391,817.5515747070,3623.4216308594,1549.3242187500,1382.9912109375,400.6693115234,2508.1425781250,1565.3480224609,3581.3427734375,24324.4492187500
2024-07-11,787.1161499023,1208.2910156250,824.9664306641,3636.9082031250,1553.5072021484,1384.7770996094,407.0594177246,2506.6052246094,1561.8156738281,3552.9377441406,24315.9492187500
2024-07-12,787.5043334961,1202.8762207031,827.8552856445,3878.1357421875,1609.0130615234,1429.0158691406,407.4144287109,2519.4799804688,1577.6990966797,3580.6560058594,24502.1503906250
2024-07-15,787.2131958008,1199.9979248047,848.7033081055,3864.4641113281,1604.5952148438,1437.6256103516,411.2751159668,2517.6066894531,1578.1931152344,3582.8635253906,24586.6992187500
2024-07-16,786.0727539062,1209.7056884766,848.0773315430,3873.0375976562,1622.4548339844,1437.5800781250,413.1832580566,2583.0856933594,1557.4681396484,3568.0969238281,24613.0000000000
2024-07-18,783.6704711914,1219.8525390625,860.4513549805,4000.1169433594,1652.5341796875,1460.4777832031,417.3545837402,2631.0778808594,1567.7690429688,3587.3767089844,24800.8496093750
2024-07-19,780.0307617188,1218.2427978516,856.4069824219,3997.1909179688,1685.3394775391,1460.4777832031,421.1708984375,2620.1250000000,1536.6196289062,3550.3864746094,24530.9003906250
2024-07-22,797.1376953125,1210.9252929688,844.3218383789,3983.2080078125,1702.1650390625,1444.4948730469,414.0708007812,2628.0993652344,1482.7935791016,3582.7163085938,24509.2500000000
2024-07-23,785.4176025391,1196.8759765625,831.8996582031,3997.1435546875,1726.6518554688,1475.1828613281,436.8355712891,2657.9328613281,1470.1708984375,3471.4509277344,24479.0507812500
2024-07-24,778.4534912109,1193.2172851562,820.4404296875,4000.7670898438,1723.8786621094,1461.6616210938,438.4774780273,2610.5646972656,1477.8779296875,3453.2009277344,24413.5000000000
2024-07-25,784.5440673828,1168.7286376953,817.0701293945,4015.8640136719,1715.3249511719,1465.2612304688,434.8386840820,2601.1008300781,1474.6171875000,3551.0244140625,24406.0996093750
2024-07-26,785.2962646484,1177.8020019531,830.5033569336,4076.5783691406,1766.1309814453,1509.3315429688,445.7107543945,2604.8000488281,1491.0441894531,3610.6306152344,24834.8496093750
2024-07-29,778.9387817383,1183.1680908203,839.3143920898,4070.3073730469,1758.7990722656,1506.5626220703,440.2525634766,2605.3283691406,1501.9870605469,3703.8916015625,24836.0996093750
2024-07-30,784.0344848633,1179.9971923828,840.4699707031,4055.6748046875,1764.4859619141,1504.6245117188,434.7943115234,2585.9199218750,1495.1199951172,3713.4089355469,24857.3007812500
2024-07-31,784.1314697266,1185.3145751953,840.0848388672,4074.2561035156,1756.1201171875,1516.0230712891,439.6312561035,2599.6115722656,1487.4870605469,3743.1877441406,24951.1503906250
2024-08-01,795.3178100586,1180.6313476562,830.6960449219,4085.1721191406,1741.4094238281,1514.1308593750,438.1669006348,2609.1237792969,1497.2443847656,3708.1596679688,25010.9003906250
2024-08-02,805.1937255859,1167.4114990234,816.4441528320,3979.2126464844,1711.8940429688,1485.2889404297,434.0842895508,2587.0251464844,1481.4595947266,3596.6982421875,24717.6992187500
2024-08-05,784.1314697266,1144.0446777344,781.5851440430,3860.2932128906,1646.7532958984,1442.0031738281,431.3329772949,2609.4597167969,1430.0793457031,3461.5900878906,24055.5996093750
2024-08-06,777.0703125000,1138.4345703125,768.1518554688,3875.2976074219,1646.0013427734,1460.7847900391,431.5992431641,2642.2714843750,1438.7004394531,3508.8828125000,23992.5507812500
2024-08-07,787.8925781250,1143.8983154297,778.6962280273,3902.4724121094,1684.1176757812,1471.7216796875,437.2349853516,2636.5065917969,1447.3707275391,3569.7648925781,24297.5000000000
2024-08-08,797.2104492188,1136.2395019531,778.1184692383,3876.5515136719,1638.5285644531,1437.8035888672,439.0987854004,2626.0817871094,1431.8577880859,3486.6591796875,24117.0000000000
2024-08-09,800.8502197266,1143.0689697266,793.7665405273,3928.7651367188,1664.4719238281,1467.4299316406,440.1194458008,2639.5332031250,1456.7330322266,3524.4345703125,24367.5000000000
2024-08-12,805.6547851562,1154.0903320312,782.4998779297,3898.0129394531,1689.5225830078,1463.0921630859,438.9656677246,2640.9743652344,1443.2207031250,3504.7128906250,24347.0000000000
2024-08-13,778.0408935547,1149.7113037109,768.0073852539,3899.2211914062,1689.5693359375,1469.9217529297,434.8830566406,2633.9604492188,1446.1850585938,3484.9423828125,24139.0000000000
2024-08-14,780.2733764648,1143.1181640625,773.2554931641,3990.5478515625,1713.8210449219,1500.8404541016,436.8355712891,2615.3688964844,1444.4312744141,3478.4663085938,24143.7500000000
2024-08-16,792.0662841797,1168.3098144531,782.0183715820,4102.7773437500,1747.3781738281,1539.6965332031,446.1101684570,2640.5419921875,1460.5864257812,3501.1806640625,24541.1503906250
2024-08-19,791.7993164062,1157.1408691406,783.5591430664,4171.4819335938,1752.8773193359,1549.1566162109,445.0451049805,2635.0654296875,1475.6562500000,3488.1311035156,24572.6503906250
2024-08-20,794.7839965820,1160.6341552734,789.9146728516,4202.4194335938,1759.8331298828,1556.7706298828,442.6931762695,2643.2324218750,1483.1416015625,3505.4487304688,24698.8496093750
2024-08-21,789.0089111328,1156.1075439453,785.3406372070,4228.6191406250,1760.3028564453,1548.0028076172,448.5508422852,2681.8085937500,1485.8433837891,3528.3593750000,24770.1992187500
2024-08-22,791.6780395508,1172.0983886719,789.9146728516,4182.6308593750,1767.3999023438,1546.9875488281,447.7964172363,2683.3461914062,1485.2979736328,3538.6123046875,24811.5000000000
2024-08-23,788.6448364258,1184.3005371094,785.1480102539,4147.2338867188,1750.3393554688,1533.4204101562,448.9057922363,2705.2526855469,1487.1322021484,3530.8120117188,24823.1503906250
2024-08-26,795.8759155273,1193.9443359375,784.8591308594,4183.0483398438,1763.5460205078,1586.9509277344,448.8170166016,2710.5849609375,1499.6490478516,3573.3461914062,25010.5996093750
2024-08-27,794.8082275391,1206.7860107422,785.6777343750,4178.1254882812,1786.0584716797,1579.7058105469,444.2907104492,2658.4606933594,1487.6031494141,3633.0014648438,25017.7500000000
2024-08-28,794.4927978516,1204.3258056641,779.4184570312,4186.3935546875,1822.7177734375,1586.9509277344,441.3619079590,2656.0109863281,1485.4715576172,3619.6086425781,25052.3496093750
2024-08-29,795.1964721680,1202.4071044922,784.3295288086,4191.7353515625,1817.3128662109,1616.8542480469,448.2845764160,2676.0920410156,1507.9028320312,3614.1140136719,25151.9492187500
2024-08-30,794.3957519531,1209.5905761719,785.3887939453,4230.7094726562,1827.0417480469,1618.1463623047,445.4444885254,2669.1259765625,1496.6995849609,3634.9150390625,25235.9003906250
2024-09-02,789.5668334961,1210.3284912109,791.6961669922,4200.3291015625,1846.5933837891,1667.4313964844,452.6777648926,2679.7431640625,1503.2678222656,3613.7707519531,25278.6992187500
2024-09-03,794.6141357422,1227.7954101562,794.2480468750,4192.2465820312,1824.7388916016,1652.4796142578,452.1009216309,2684.7873535156,1496.2038574219,3620.6877441406,25279.8496093750
2024-09-04,796.7736816406,1216.6264648438,786.2554321289,4161.4946289062,1807.0670166016,1647.6804199219,449.3939514160,2729.8972167969,1501.5823974609,3582.0786132812,25198.6992187500
2024-09-05,798.5450439453,1216.2329101562,788.4221191406,4158.4291992188,1817.1248779297,1652.5722656250,453.6984252930,2727.2067871094,1480.1921386719,3555.9301757812,25145.0996093750
2024-09-06,794.4199218750,1188.8763427734,753.5148925781,4140.5903320312,1787.7034912109,1620.7767333984,445.2669982910,2727.6870117188,1452.2830810547,3507.4602050781,24852.1503906250
2024-09-09,799.0546264648,1215.2980957031,755.2000122070,4133.9018554688,1780.9357910156,1612.1472167969,454.1865844727,2807.2902832031,1449.9283447266,3510.9433593750,24936.4003906250
2024-09-10,800.9230346680,1217.5614013672,753.6593017578,4188.0659179688,1797.5263671875,1642.0042724609,455.8284301758,2784.9995117188,1449.0113525391,3528.4572753906,25041.0996093750
2024-09-11,797.7928466797,1216.6264648438,740.1297607422,4161.5874023438,1795.5053710938,1641.6813964844,456.4940795898,2790.3320312500,1439.0721435547,3470.3715820312,24918.4492187500
2024-09-12,808.8092651367,1232.1744384766,758.5703735352,4197.2172851562,1833.3867187500,1668.3081054688,461.0647888184,2840.5344238281,1467.1298828125,3553.8208007812,25388.9003906250
2024-09-13,808.4938354492,1230.4030761719,761.5555419922,4201.7695312500,1827.4176025391,1673.1074218750,456.0503234863,2818.0031738281,1460.0163574219,3544.9899902344,25356.5000000000
2024-09-16,810.9202880859,1242.7037353516,756.4519042969,4193.0830078125,1833.1986083984,1672.2305908203,453.6096801758,2754.7341308594,1458.7521972656,3593.3129882812,25383.7500000000
2024-09-17,809.8769531250,1247.8699951172,753.9000854492,4186.0219726562,1835.3607177734,1673.9842529297,450.6364746094,2760.8830566406,1459.6942138672,3625.6428222656,25418.5507812500
2024-09-18,822.4948730469,1267.7968750000,763.3851928711,4037.8371582031,1778.5856933594,1621.1458740234,450.2814636230,2763.1413574219,1450.9199218750,3660.2292480469,25377.5507812500
2024-09-19,829.1435546875,1271.3886718750,760.6889038086,3991.3837890625,1780.5125732422,1602.6871337891,451.0802612305,2797.6342773438,1457.0916748047,3614.3593750000,25415.8007812500
2024-09-20,845.0130004883,1317.0976562500,752.7445068359,3980.9313964844,1791.3693847656,1624.4224853516,456.5384521484,2860.9035644531,1473.2025146484,3722.4848632812,25790.9492187500
2024-09-23,854.0397338867,1300.8117675781,772.1480712891,3965.6953125000,1782.6275634766,1617.7309570312,458.8016052246,2909.8566894531,1480.5887451172,3716.4016113281,25939.0507812500
2024-09-24,858.0434570312,1297.5643310547,768.6814575195,3968.2961425781,1784.6485595703,1638.7740478516,457.2928771973,2834.9135742188,1476.6229248047,3720.2282714844,25940.4003906250
2024-09-25,863.4060058594,1302.7305908203,763.7221679688,3971.5019531250,1781.5467529297,1645.0500488281,459.3341369629,2833.3762207031,1481.1586914062,3722.4360351562,26004.1503906250
2024-09-26,865.5171508789,1307.8477783203,772.1480712891,3987.9931640625,1786.1994628906,1646.3883056641,463.9492187500,2869.0705566406,1485.1245117188,3691.3322753906,26216.0507812500
2024-09-27,850.5697631836,1285.7557373047,772.9185180664,4003.0432128906,1792.3094482422,1669.0465087891,463.9048156738,2849.9982910156,1513.1079101562,3635.8959960938,26178.9492187500
2024-09-30,840.5725097656,1252.6917724609,758.7148437500,3965.6953125000,1763.0290527344,1657.6943359375,459.8666381836,2842.3601074219,1463.9324951172,3606.3627929688,25810.8496093750
2024-10-01,837.7333984375,1254.0694580078,767.4296264648,3983.7187500000,1790.0534667969,1676.5224609375,458.1359863281,2809.1640625000,1452.2830810547,3584.7277832031,25796.9003906250
2024-10-03,816.2829589844,1236.3073730469,764.6851806641,3932.4814453125,1779.7606201172,1641.4968261719,455.0740661621,2779.9555664062,1394.9284667969,3431.8112792969,25250.0996093750
2024-10-04,804.4658203125,1219.9721679688,767.1407470703,3950.5979003906,1803.0252685547,1639.6970214844,446.9089355469,2737.1032714844,1374.6535644531,3428.1809082031,25014.5996093750
2024-10-07,785.1264038086,1214.2155761719,742.1038208008,3969.7368164062,1818.2060546875,1640.0200195312,452.8108825684,2722.3547363281,1358.9888916016,3403.0629882812,24795.7500000000
2024-10-08,801.2628173828,1216.8724365234,752.5037841797,3951.5270996094,1831.6005859375,1651.5565185547,450.8139648438,2708.3273925781,1385.3858642578,3465.9072265625,25013.1503906250
2024-10-09,792.5758056641,1224.3021240234,767.8629760742,3951.2485351562,1835.5484619141,1670.2463378906,436.3918151855,2660.4309082031,1362.8306884766,3421.4599609375,24981.9492187500
2024-10-10,806.7709350586,1223.6623535156,767.5740356445,3927.5102539062,1803.8240966797,1669.2773437500,436.7024536133,2646.7392578125,1359.3110351562,3395.2136230469,24998.4492187500
2024-10-11,801.2385253906,1203.4893798828,770.1258544922,3854.8586425781,1818.9578857422,1697.8886718750,433.2855224609,2674.1220703125,1360.3520507812,3416.9958496094,24964.2500000000
2024-10-14,819.2433471680,1212.0998535156,775.3259277344,3843.1987304688,1841.3294677734,1712.8862304688,441.0513000488,2679.7910156250,1360.7734375000,3488.1311035156,25127.9492187500
2024-10-15,817.3021240234,1235.4710693359,774.8444213867,3824.7568359375,1841.7054443359,1725.9918212891,442.4713134766,2672.4406738281,1332.5174560547,3485.0402832031,25057.3496093750
2024-10-16,824.9214477539,1223.3179931641,775.6147460938,3804.4570312500,1804.8581542969,1721.5156250000,437.7231140137,2672.2490234375,1342.4813232422,3466.1035156250,24971.3007812500
2024-10-17,811.9880371094,1211.6077880859,781.0073242188,3817.5102539062,1849.9772949219,1723.8692626953,433.9067993164,2631.3178710938,1344.8112792969,3503.0939941406,24749.8496093750
2024-10-18,816.2102050781,1244.3273925781,790.0110473633,3839.9079589844,1766.7889404297,1714.5473632812,431.9542541504,2610.6130371094,1347.6616210938,3510.4528808594,24854.0507812500
2024-10-21,838.9466552734,1238.9644775391,783.7999267578,3799.6750488281,1741.5505371094,1701.5340576172,429.2473144531,2587.9858398438,1357.4768066406,3518.1059570312,24781.0996093750
2024-10-22,832.0796508789,1247.2795410156,761.1222534180,3739.7443847656,1740.4693603516,1693.3125000000,427.6054077148,2576.6000976562,1331.8482666016,3445.7932128906,24472.0996093750
2024-10-23,842.3924560547,1231.6331787109,756.8852539062,3787.0090332031,1760.9610595703,1714.6793212891,426.3185119629,2555.0783691406,1327.0645751953,3390.3566894531,24435.5000000000
2024-10-24,849.1138305664,1232.7648925781,765.1184692383,3769.9191894531,1751.5140380859,1713.8895263672,418.6415100098,2406.9216308594,1328.3287353516,3377.8466796875,24399.4003906250
2024-10-25,846.0806884766,1235.4217529297,752.0223388672,3778.9064941406,1750.2922363281,1720.8105468750,428.0491943359,2428.9721679688,1316.4808349609,3263.7849121094,24180.8007812500
2024-10-28,841.6158447266,1272.2252197266,762.7111206055,3809.9196777344,1753.3941650391,1738.8328857422,429.6910705566,2474.8505859375,1322.9251708984,3277.9140625000,24339.1503906250
2024-10-29,850.1815185547,1310.6030273438,801.8554077148,3795.3908691406,1748.5932617188,1738.8328857422,433.0636291504,2447.8037109375,1328.5268554688,3317.2590332031,24466.8496093750
2024-10-30,841.8099365234,1291.2172851562,791.9850463867,3804.1452636719,1713.2277832031,1708.2227783203,436.2586975098,2454.8178710938,1332.3935546875,3344.1926269531,24340.8496093750
2024-10-31,842.3438720703,1271.6347656250,789.8184204102,3695.9250488281,1670.5897216797,1640.6390380859,433.8180541992,2429.1643066406,1320.6450195312,3554.1149902344,24205.3496093750
2024-11-01,843.1203002930,1271.1920166016,790.7813720703,3710.5935058594,1674.0119628906,1632.6030273438,435.1492919922,2438.0517578125,1327.1884765625,3558.0888671875,24304.3496093750
2024-11-04,831.8612060547,1256.8248291016,799.1109008789,3691.9204101562,1676.6739501953,1637.7589111328,430.0904846191,2425.8493652344,1291.0009765625,3507.1655273438,23995.3496093750
2024-11-05,853.0933227539,1276.0136718750,817.7442016602,3698.6259765625,1667.6899414062,1647.6064453125,426.1854248047,2422.5346679688,1294.1240234375,3507.5092773438,24213.3007812500
2024-11-06,851.8315429688,1281.5736083984,823.1367187500,3855.3681640625,1733.7625732422,1707.8511962891,426.9841918945,2430.6506347656,1314.0021972656,3576.8291015625,24484.0507812500
2024-11-07,847.6094360352,1258.3009033203,827.7589111328,3865.8454589844,1714.1309814453,1701.8590087891,424.1440734863,2406.1564941406,1294.4709472656,3577.9086914062,24199.3496093750
2024-11-08,851.4432373047,1238.7674560547,811.9183349609,3862.2136230469,1739.7043457031,1707.0151367188,424.2772216797,2437.4545898438,1272.7585449219,3591.3999023438,24148.1992187500
2024-11-11,857.1942138672,1249.0509033203,816.2515869141,3910.3632812500,1768.3674316406,1734.6990966797,423.3009643555,2421.2709960938,1261.8029785156,3560.5419921875,24141.3007812500
2024-11-12,833.8510131836,1250.3302001953,796.0776367188,3909.1520996094,1776.6383056641,1739.8548583984,419.6621704102,2392.5488281250,1263.3398437500,3523.7478027344,23883.4492187500
2024-11-13,815.9674682617,1233.6997070312,778.6962280273,3865.3332519531,1776.2581787109,1732.3298339844,419.0852355957,2395.9020996094,1241.3299560547,3481.1645507812,23559.0507812500
2024-11-14,821.5000000000,1236.8978271484,774.4592285156,3861.1892089844,1772.5980224609,1726.9416503906,413.5382690430,2322.2739257812,1256.7468261719,3459.8732910156,23532.6992187500
2024-11-18,827.4934692383,1233.4536132812,784.1369628906,3743.4694824219,1722.1166992188,1704.6926269531,414.0708007812,2355.0300292969,1249.9554443359,3475.4736328125,23453.8007812500
2024-11-19,845.5225830078,1229.1730957031,773.2554931641,3762.1425781250,1734.7607421875,1691.2687988281,414.7807922363,2342.8315429688,1231.0189208984,3439.9060058594,23518.5000000000
2024-11-21,845.0130004883,1230.6000976562,751.8297119141,3793.1555175781,1743.6021728516,1705.9466552734,405.7281494141,2316.0534667969,1212.5285644531,3417.9279785156,23349.9003906250
2024-11-22,847.1483154297,1257.6612548828,785.8221435547,3953.1115722656,1808.4387207031,1763.5904541016,421.2596740723,2376.7539062500,1254.5656738281,3535.6689453125,23907.2500000000
2024-11-25,866.5605468750,1280.1959228516,813.1701049805,4018.7702636719,1796.5076904297,1757.3662109375,423.1678161621,2402.2199707031,1275.9805908203,3682.3549804688,24221.9003906250
2024-11-26,866.5363159180,1284.1320800781,808.3072509766,4053.7873535156,1829.2586669922,1764.6586914062,423.3453369141,2409.7529296875,1284.6060791016,3632.9035644531,24194.5000000000
2024-11-27,879.5181884766,1279.9498291016,803.2034912109,4035.0217285156,1829.5915527344,1756.7623291016,423.3009643555,2417.2370605469,1282.1275634766,3629.0769042969,24274.9003906250
2024-11-28,870.2246093750,1265.8288574219,807.7775268555,3953.3906250000,1765.0875244141,1710.1735839844,421.4815673828,2393.2290039062,1259.9194335938,3597.0417480469,23914.1503906250
2024-11-29,871.6320190430,1279.3594970703,807.8738403320,3977.5585937500,1766.2283935547,1716.8159179688,423.1234741211,2426.2280273438,1281.1361083984,3654.6857910156,24131.0996093750
2024-12-02,875.8298950195,1283.8370361328,805.4183349609,3982.9599609375,1787.0960693359,1738.6007080078,423.5228881836,2409.7043457031,1297.9410400391,3634.3261718750,24276.0507812500
2024-12-03,886.3124389648,1287.5270996094,822.3182373047,4007.2678222656,1798.7893066406,1756.4837646484,419.3958740234,2413.3007812500,1311.9699707031,3715.7639160156,24457.1503906250
2024-12-04,902.7157592773,1295.0550537109,827.8552856445,4055.3706054688,1796.0798339844,1762.8935546875,414.5589294434,2395.4648437500,1297.7426757812,3718.5600585938,24467.4492187500
2024-12-05,905.4577636719,1315.1787109375,833.3922729492,4157.4907226562,1839.4310302734,1787.3725585938,414.9139404297,2424.7216796875,1310.7305908203,3759.4262695312,24708.4003906250
2024-12-06,900.6531982422,1307.5524902344,831.6589355469,4140.2148437500,1827.5950927734,1786.1647949219,418.1533508301,2414.2243652344,1300.3205566406,3793.9143066406,24677.8007812500
2024-12-09,907.5203247070,1301.2054443359,826.2663574219,4146.4082031250,1828.7834472656,1774.2736816406,412.6507568359,2333.5004882812,1284.0609130859,3872.9975585938,24619.0000000000
2024-12-10,906.5982055664,1309.2253417969,835.3662719727,4128.1538085938,1852.4554443359,1798.8453369141,413.0945129395,2330.1960449219,1273.8489990234,3849.3020019531,24610.0507812500
2024-12-11,904.1716918945,1306.3223876953,829.6848144531,4123.4047851562,1876.7929687500,1793.7824707031,412.9170227051,2334.0837402344,1267.2559814453,3843.0224609375,24641.8007812500
2024-12-12,902.3032836914,1308.0444335938,822.0775146484,4149.0156250000,1889.0092773438,1798.7062988281,408.7900695801,2279.2634277344,1252.0870361328,3787.2424316406,24548.6992187500
2024-12-13,908.3695678711,1323.4448242188,829.6366577148,4166.6645507812,1901.0828857422,1828.9913330078,417.1327209473,2323.1489257812,1261.9517822266,3813.8325195312,24768.3007812500
2024-12-16,905.1907958984,1324.6256103516,829.0589599609,4111.9956054688,1882.4020996094,1815.6137695312,417.2214660645,2299.8696289062,1257.4407958984,3804.8547363281,24668.2500000000
2024-12-17,889.6853637695,1312.4727783203,819.0441894531,4031.2495117188,1879.1221923828,1812.0836181641,416.7333679199,2297.0510253906,1234.6378173828,3735.5344238281,24336.0000000000
2024-12-18,878.7417602539,1293.1854248047,807.1035156250,4049.2707519531,1881.5463867188,1821.1413574219,417.5765075684,2293.1145019531,1242.5196533203,3687.4079589844,24198.8496093750
2024-12-19,870.3944702148,1266.3701171875,801.9515991211,3978.5361328125,1850.2213134766,1796.8946533203,414.0708007812,2293.7460937500,1219.9147949219,3646.3947753906,23951.6992187500
2024-12-20,859.7177734375,1267.8460693359,781.9221801758,3883.9128417969,1827.3574218750,1775.6208496094,412.3845214844,2268.5229492188,1194.9803466797,3561.5231933594,23587.5000000000
2024-12-23,874.0342407227,1276.1121826172,790.7332763672,3872.7373046875,1829.4013671875,1767.8637695312,420.9046936035,2273.3830566406,1211.8347167969,3571.9726562500,23753.4492187500
2024-12-24,872.6268920898,1276.5549316406,781.9702758789,3892.4816894531,1814.9034423828,1762.2434082031,424.6322326660,2270.1267089844,1212.2808837891,3571.2365722656,23727.6503906250
2024-12-26,869.0598754883,1276.6534423828,782.3555297852,3882.7961425781,1813.3348388672,1765.7735595703,423.3009643555,2267.4052734375,1206.1339111328,3561.1796875000,23750.1992187500
2024-12-27,872.6997070312,1286.6906738281,770.0296630859,3878.8381347656,1822.2237548828,1757.6448974609,424.7653503418,2275.6672363281,1210.5954589844,3540.1826171875,23813.4003906250
2024-12-30,862.8237304688,1273.9964599609,759.1000366211,3873.2033691406,1812.0037841797,1791.9709472656,423.3453369141,2277.8542480469,1200.3338623047,3511.5810546875,23644.9003906250
2024-12-31,860.3728637695,1261.2038574219,765.5036621094,3813.5983886719,1787.2860107422,1781.2410888672,429.2473144531,2261.6708984375,1205.0432128906,3539.7407226562,23644.8007812500
2025-01-01,865.1774291992,1263.1719970703,763.8185424805,3830.0366210938,1789.6628417969,1776.1783447266,429.5136108398,2257.0537109375,1210.7935791016,3598.4643554688,23742.9003906250
2025-01-02,870.5158081055,1270.0111083984,771.5222167969,3888.9892578125,1861.2968750000,1832.1496582031,434.0399169922,2303.6115722656,1231.1677246094,3643.5983886719,24188.6503906250
2025-01-03,848.8953857422,1244.8687744141,764.0111083984,3818.3481445312,1843.1387939453,1808.4141845703,427.4279174805,2338.8461914062,1240.4376220703,3591.0070800781,24004.7500000000
2025-01-06,830.1141357422,1243.9338378906,747.6408691406,3813.7846679688,1842.2832031250,1814.3596191406,407.9893188477,2309.6379394531,1207.5715332031,3535.3745117188,23616.0507812500
2025-01-07,831.5214843750,1258.8420410156,749.9037475586,3751.6652832031,1835.6282958984,1779.8476562500,406.5607299805,2323.8293457031,1230.2257080078,3574.7199707031,23707.9003906250
2025-01-08,822.2522583008,1243.5894775391,742.5853271484,3826.2646484375,1837.8149414062,1795.0366210938,414.3490600586,2333.7434082031,1254.6647949219,3528.6538085938,23688.9492187500
2025-01-09,809.3916625977,1242.2609863281,732.2816772461,3761.4907226562,1822.7467041016,1797.4056396484,414.8560180664,2367.1799316406,1244.0068359375,3461.4919433594,23526.5000000000
2025-01-10,804.0289916992,1229.9111328125,715.7187500000,3972.7155761719,1869.9479980469,1853.4234619141,410.0631408691,2373.6435546875,1231.2668457031,3469.5866699219,23431.5000000000
2025-01-13,791.4596557617,1210.1317138672,702.4780883789,3996.4179687500,1865.4322509766,1848.1282958984,404.6712341309,2382.3430175781,1229.2343750000,3399.0891113281,23085.9492187500
2025-01-14,799.1031494141,1220.5135498047,720.4373168945,3942.3540039062,1844.3747558594,1684.7658691406,402.4130249023,2301.6191406250,1228.1437988281,3397.4213867188,23176.0507812500
2025-01-15,797.3803710938,1218.4962158203,725.7816772461,3957.7678222656,1853.5012207031,1696.0528564453,403.1043395996,2306.5280761719,1241.4785156250,3435.4907226562,23213.1992187500
2025-01-16,801.7481689453,1229.1730957031,737.9149169922,3917.4411621094,1833.3466796875,1664.9783935547,398.9567260742,2279.3122558594,1255.6065673828,3441.8684082031,23311.8007812500
2025-01-17,794.3229370117,1205.9003906250,735.7964477539,3911.7502441406,1725.9193115234,1678.7261962891,405.7312011719,2288.0598144531,1291.1992187500,3501.4748535156,23203.1992187500
2025-01-20,801.3598632812,1213.2806396484,750.3852539062,3867.6472167969,1723.8756103516,1685.5766601562,403.4269409180,2279.5065917969,1294.2727050781,3525.3664550781,23344.7500000000
2025-01-21,797.0649414062,1177.0677490234,730.9334716797,3827.8591308594,1711.8967285156,1691.3946533203,403.2886657715,2274.9382324219,1262.7945556641,3474.4438476562,23024.6503906250
2025-01-22,808.5423583984,1181.2991943359,725.5408935547,3942.3859863281,1764.8974609375,1715.1364746094,402.7817382812,2277.3195800781,1266.1655273438,3451.9746093750,23155.3496093750
2025-01-23,807.9843139648,1182.5784912109,718.2705688477,3931.8110351562,1773.4534912109,1695.7113037109,405.7312011719,2256.6645507812,1252.8306884766,3437.3059082031,23205.3496093750
2025-01-24,800.6561889648,1189.9096679688,716.5854492188,3938.3549804688,1782.9604492188,1682.4327392578,407.0215454102,2301.7648925781,1235.6292724609,3393.1040039062,23092.1992187500
2025-01-27,790.9500732422,1208.3603515625,721.4483642578,3855.6489257812,1732.1464843750,1606.5152587891,405.6390075684,2325.8217773438,1218.8242187500,3392.5642089844,22829.1503906250
2025-01-28,810.6534423828,1227.0083007812,724.5298461914,3832.0795898438,1739.5141601562,1588.9671630859,401.3531494141,2321.9338378906,1223.8310546875,3349.6379394531,22957.2500000000
2025-01-29,814.0020141602,1231.6823730469,730.3557128906,3888.5129394531,1788.4743652344,1613.1311035156,399.4175720215,2317.1708984375,1224.9216308594,3384.7639160156,23163.0996093750
2025-01-30,820.8933715820,1235.5694580078,734.3519897461,3888.7502441406,1768.2247314453,1607.5944824219,402.0444030762,2341.2763671875,1242.3214111328,3356.5551757812,23249.5000000000
2025-01-31,824.4118041992,1232.8142089844,744.2705078125,3900.4638671875,1787.0960693359,1619.1838378906,412.4595642090,2399.6442871094,1254.2681884766,3500.2482910156,23508.4003906250
2025-02-01,820.6264648438,1235.5202636719,737.6260375977,3863.2365722656,1760.0489501953,1589.6706542969,426.3311157227,2435.8508300781,1253.7724609375,3382.6054687500,23482.1503906250
2025-02-03,814.3417358398,1233.0108642578,732.7631225586,3858.9687500000,1771.4096679688,1587.7940673828,418.7732238770,2373.5463867188,1235.2326660156,3227.2851562500,23361.0507812500
2025-02-04,835.1613769531,1247.9683837891,750.3370971680,3895.3891601562,1805.1590576172,1625.8468017578,419.5105285645,2369.7558593750,1274.1960449219,3374.4125976562,23739.2500000000
2025-02-05,843.3630371094,1247.4763183594,737.6741943359,3880.2614746094,1803.4952392578,1607.3598632812,413.0586547852,2324.0722656250,1267.2559814453,3319.5158691406,23696.3007812500
2025-02-06,846.2990722656,1252.1014404297,724.3853759766,3872.3420410156,1821.1779785156,1617.3541259766,406.5607299805,2306.2360839844,1270.5773925781,3289.6389160156,23603.3496093750
2025-02-07,840.9122314453,1236.8487548828,709.8928833008,3821.7412109375,1809.7696533203,1619.3714599609,397.1133117676,2297.6342773438,1255.8544921875,3274.0871582031,23559.9492187500
2025-02-10,832.6619262695,1242.4576416016,709.5076293945,3828.9020996094,1787.5712890625,1627.0665283203,393.7491455078,2295.3015136719,1242.9162597656,3265.9924316406,23381.5996093750
2025-02-11,825.6978759766,1232.7648925781,704.0187988281,3759.2849121094,1783.1506347656,1617.0726318359,385.5460205078,2250.3955078125,1224.2772216797,3178.6679687500,23071.8007812500
2025-02-12,828.3184814453,1231.8300781250,705.9928588867,3746.5754394531,1771.2672119141,1611.5357666016,383.7671508789,2267.1623535156,1206.1339111328,3227.7265625000,23045.2500000000
2025-02-13,823.9022216797,1228.9763183594,700.6965942383,3708.6369628906,1752.3485107422,1598.2104492188,383.5798950195,2256.4704589844,1205.6876220703,3202.2163085938,23031.4003906250
2025-02-14,822.5191040039,1239.9976806641,695.4003295898,3732.0639648438,1764.8499755859,1605.8583984375,384.0948181152,2253.4086914062,1206.8278808594,3176.7055664062,22929.2500000000
2025-02-17,833.4384765625,1231.1904296875,700.7447509766,3703.2778320312,1751.4451904297,1604.5915527344,382.5500183105,2264.1491699219,1214.4124755859,3161.2031250000,22959.5000000000
2025-02-18,836.2047119141,1223.2196044922,698.9151000977,3673.5913085938,1760.6193847656,1619.2307128906,379.4136047363,2231.6848144531,1214.9082031250,3159.5349121094,22945.3007812500
2025-02-19,838.2187500000,1241.5228271484,700.3595581055,3589.0832519531,1721.4987792969,1606.8437500000,380.4902648926,2187.3623046875,1216.9404296875,3214.2355957031,22932.9003906250
2025-02-20,818.7579956055,1230.0095214844,702.6706542969,3584.6254882812,1735.1411132812,1583.6180419922,376.4176025391,2185.0781250000,1222.4429931641,3214.1376953125,22913.1503906250
2025-02-21,821.3786621094,1213.2806396484,695.2558593750,3590.8852539062,1725.4915771484,1595.9581298828,375.3409423828,2178.8569335938,1217.6345214844,3252.6977539062,22795.9003906250
2025-02-24,813.9049072266,1198.9136962891,689.8633422852,3486.1750488281,1677.1016845703,1542.7972412109,376.2771606445,2178.6625976562,1204.1511230469,3196.3781738281,22553.3496093750
2025-02-25,816.4528198242,1204.6212158203,684.5670776367,3442.4980468750,1680.5242919922,1535.3369140625,379.0391235352,2196.0126953125,1193.6914062500,3165.1765136719,22547.5507812500
2025-02-27,825.3582153320,1202.9482421875,677.8263549805,3426.3742675781,1677.2919921875,1528.8614501953,375.9963378906,2182.0646972656,1196.7647705078,3149.0854492188,22545.0507812500
2025-02-28,840.7423706055,1184.8909912109,663.2857055664,3303.7377929688,1604.4694824219,1478.0468750000,369.8170776367,2128.8967285156,1189.8247070312,3104.2949218750,22124.6992187500
2025-03-03,825.7706909180,1186.9573974609,669.5448608398,3313.0327148438,1624.3388671875,1475.5598144531,372.1108703613,2115.8725585938,1161.2216796875,3137.1152343750,22119.3007812500
2025-03-04,829.8715209961,1191.0904541016,689.5262451172,3350.0229492188,1605.0400390625,1440.9324951172,369.6766357422,2096.9187011719,1151.9517822266,3152.5195312500,22082.6503906250
2025-03-05,820.1654052734,1196.3057861328,703.2965698242,3364.2497558594,1627.0958251953,1476.0759277344,379.2263183594,2109.6513671875,1165.5344238281,3178.6679687500,22337.3007812500
2025-03-06,820.7477416992,1198.6184082031,704.9335937500,3415.9885253906,1631.2313232422,1487.8060302734,379.8349304199,2156.7929687500,1199.2432861328,3198.5366210938,22544.6992187500
2025-03-07,819.8013916016,1195.1743164062,705.6076660156,3425.0935058594,1602.8532714844,1461.9997558594,378.1496887207,2142.7963867188,1239.0992431641,3183.6228027344,22552.5000000000
2025-03-10,818.9521484375,1195.4694824219,701.9003295898,3404.6540527344,1617.5413818359,1453.8825683594,379.1795349121,2184.7861328125,1227.7968750000,3117.8840332031,22460.3007812500
2025-03-11,817.9815673828,1225.5321044922,702.8151245117,3391.0439453125,1579.6564941406,1471.2899169922,380.3030700684,2154.8488769531,1236.6206054688,3135.3000488281,22497.9003906250
2025-03-12,830.4295654297,1224.1052246094,696.2670288086,3325.5046386719,1512.3957519531,1445.7182617188,386.1077270508,2131.4726562500,1246.2872314453,3133.5336914062,22470.5000000000
2025-03-13,828.2214965820,1230.1080322266,700.8892211914,3330.1047363281,1501.9382324219,1440.2286376953,385.7800903320,2113.8798828125,1237.2154541016,3127.3034667969,22397.1992187500
2025-03-17,830.0656127930,1248.7556152344,696.3632812500,3317.4428710938,1511.6353759766,1449.9880371094,381.9414672852,2110.4291992188,1228.2429199219,3113.7138671875,22508.7500000000
2025-03-18,830.0656127930,1248.7556152344,696.3632812500,3317.4428710938,1511.6353759766,1449.9880371094,383.0181579590,2110.4291992188,1228.2429199219,3113.7138671875,22834.3007812500
2025-03-19,846.4204101562,1292.1520996094,717.5001831055,3316.8740234375,1508.3078613281,1449.3311767578,377.3538513184,2138.4226074219,1236.4719238281,3257.0639648438,22907.5996093750
2025-03-20,858.3831787109,1300.6148681641,721.7853393555,3379.5200195312,1535.8778076172,1465.8002929688,378.1965026855,2179.5861816406,1258.2834472656,3287.9711914062,23190.6503906250
2025-03-21,859.1596679688,1321.6734619141,725.3001708984,3393.6994628906,1514.0119628906,1470.2110595703,379.6944885254,2183.2797851562,1265.4218750000,3351.6491699219,23350.4003906250
2025-03-24,873.5489501953,1336.4835205078,751.8778076172,3441.9289550781,1514.2021484375,1505.3544921875,384.7033691406,2192.9995117188,1290.9514160156,3416.3088378906,23658.3496093750
2025-03-25,883.9587402344,1322.2639160156,744.2222900391,3469.2448730469,1548.1413574219,1524.8265380859,383.6734924316,2207.6767578125,1274.4439697266,3404.2895507812,23668.6503906250
2025-03-26,876.7277221680,1314.5883789062,735.7001342773,3448.4257812500,1520.5716552734,1532.8031005859,381.3797302246,2183.0366210938,1262.1501464844,3379.9562988281,23486.8496093750
2025-03-27,885.8514404297,1315.3264160156,743.6926879883,3463.0319824219,1524.4694824219,1529.7530517578,383.3458251953,2181.7731933594,1267.2559814453,3435.6872558594,23591.9492187500
2025-03-28,887.2345581055,1326.8397216797,742.9223022461,3420.3039550781,1493.1920166016,1494.4219970703,383.6267089844,2195.5751953125,1264.1824951172,3426.5622558594,23519.3496093750
2025-04-01,857.9464111328,1297.4166259766,743.1149291992,3367.8063964844,1451.2192382812,1436.0997314453,380.7243347168,2171.2758789062,1241.8751220703,3372.1069335938,23165.6992187500
2025-04-02,872.0444946289,1310.0125732422,747.2075195312,3361.3090820312,1473.7030029297,1433.4721679688,382.9713439941,2175.2121582031,1240.4376220703,3355.5249023438,23332.3496093750
2025-04-03,871.0496215820,1308.3397216797,750.3370971680,3227.7656250000,1422.6986083984,1379.5601806641,383.2990112305,2181.6760253906,1238.0085449219,3355.7700195312,23250.0996093750
2025-04-04,881.9447631836,1313.9980468750,739.0223388672,3129.3623046875,1380.0605468750,1334.5164794922,383.5798950195,2181.6760253906,1194.3852539062,3198.7819824219,22904.4492187500
2025-04-07,853.0205078125,1267.0097656250,719.2335815430,3105.3188476562,1327.8680419922,1289.4726562500,380.1625976562,2186.3898925781,1155.7192382812,3010.7395019531,22161.5996093750
2025-04-08,858.5773315430,1279.1627197266,740.1297607422,3123.2448730469,1358.3375244141,1316.9212646484,386.2481689453,2225.1235351562,1172.0780029297,3101.5966796875,22535.8496093750
2025-04-09,856.5632934570,1280.0483398438,714.7077026367,3079.2836914062,1334.4752197266,1295.0091552734,389.7591247559,2284.1721191406,1175.2010498047,2996.6596679688,22399.1503906250
2025-04-11,876.8247680664,1290.7252197266,725.9260864258,3064.9616699219,1339.9417724609,1304.9096679688,394.6744079590,2299.8696289062,1208.5133056641,3057.2963867188,22828.5507812500
2025-04-15,905.0452270508,1328.6601562500,735.2186279297,3080.8010253906,1355.6755371094,1338.6453857422,393.5977172852,2295.3500976562,1229.4822998047,3196.2800292969,23328.5507812500
2025-04-16,911.4027099609,1334.7613525391,743.1630859375,3105.0817871094,1343.4117431641,1343.5250244141,397.3895568848,2300.3071289062,1228.6892089844,3166.9428710938,23437.1992187500
2025-04-17,925.3309326172,1384.2589111328,767.9110717773,3128.8884277344,1349.4959716797,1349.4372558594,400.0110168457,2308.4716796875,1263.5877685547,3186.1738281250,23851.6503906250
2025-04-21,935.2312011719,1387.3094482422,786.4480590820,3150.4184570312,1379.4426269531,1390.7274169922,395.8915405273,2285.1440429688,1284.4079589844,3218.7490234375,24125.5507812500
2025-04-22,952.0227661133,1393.9024658203,791.9369506836,3143.5891113281,1352.6334228516,1388.7567138672,405.9561462402,2331.5078125000,1280.1446533203,3196.4763183594,24167.2500000000
2025-04-23,933.6782836914,1401.6765136719,783.3184204102,3237.1083984375,1402.1639404297,1495.8294677734,403.3815002441,2355.9047851562,1288.8693847656,3238.8630371094,24328.9492187500
2025-04-24,930.2326049805,1380.3227539062,783.2702636719,3226.2958984375,1398.8365478516,1488.9791259766,402.6325073242,2260.1643066406,1290.4556884766,3238.4707031250,24246.6992187500
2025-04-25,927.5148315430,1382.3892822266,769.0666503906,3270.3041992188,1407.2025146484,1481.0025634766,400.5259399414,2266.8706054688,1289.2659912109,3210.5073242188,24039.3496093750
2025-04-28,931.8825683594,1406.0063476562,787.0739135742,3266.0361328125,1409.0087890625,1470.6560058594,401.4621887207,2253.6516113281,1357.0803222656,3264.6679687500,24328.5000000000
2025-04-29,926.3502197266,1406.9904785156,782.4517211914,3293.5415039062,1423.6495361328,1489.3559570312,398.8406982422,2256.6645507812,1387.7156982422,3259.7622070312,24335.9492187500
2025-04-30,934.2120361328,1404.2349853516,759.4370727539,3275.7104492188,1426.1212158203,1487.9321289062,398.6534729004,2276.4934082031,1392.9703369141,3278.1101074219,24334.1992187500
2025-05-02,932.7076416016,1407.2855224609,767.1889038086,3254.1804199219,1432.5859375000,1492.5833740234,402.1175537109,2253.6516113281,1407.6436767578,3272.1250000000,24346.6992187500
2025-05-05,939.9386596680,1406.5968017578,760.7370605469,3276.2795410156,1434.2020263672,1488.9763183594,409.0926208496,2282.8115234375,1419.0452880859,3267.5134277344,24461.1503906250
2025-05-06,937.4635620117,1408.7615966797,745.4260253906,3281.6860351562,1436.9588623047,1498.9431152344,407.7818603516,2315.0812988281,1408.7342529297,3271.2419433594,24379.5996093750
2025-05-07,944.2092895508,1412.5010986328,747.3519287109,3267.5537109375,1433.9168701172,1483.9454345703,403.6623535156,2304.3894042969,1393.9617919922,3258.8791503906,24414.4003906250
2025-05-08,935.9106445312,1412.5993652344,740.5148925781,3271.1579589844,1436.8640136719,1500.4619140625,403.1474304199,2288.9348144531,1394.9532470703,3261.3320312500,24273.8007812500
2025-05-09,917.0807495117,1366.7429199219,750.3852539062,3263.0012207031,1433.2513427734,1489.7358398438,396.5468750000,2267.5510253906,1365.4084472656,3379.0729980469,24008.0000000000
2025-05-12,949.8388671875,1425.3920898438,771.9555664062,3433.8193359375,1546.6679687500,1585.5139160156,407.7350158691,2315.7617187500,1424.2006835938,3519.6757812500,24924.6992187500
2025-05-13,933.0473632812,1407.7775878906,772.0518188477,3333.8515625000,1491.2430419922,1537.3874511719,400.6195678711,2293.8920898438,1403.5787353516,3499.8559570312,24578.3496093750
2025-05-14,927.2236938477,1403.4477539062,771.0407104492,3365.8144531250,1513.8693847656,1554.5684814453,401.7430725098,2284.6582031250,1412.2042236328,3505.8413085938,24666.9003906250
2025-05-15,938.4827880859,1427.6553955078,777.8295288086,3395.4064941406,1533.4533691406,1609.9094238281,405.0667114258,2289.2263183594,1441.7491455078,3550.0922851562,25062.0996093750
2025-05-16,938.9195556641,1430.8043212891,778.0751342773,3377.7651367188,1511.4926757812,1575.6418457031,407.9223022461,2314.6926269531,1443.9302978516,3536.8464355469,25019.8007812500
2025-05-19,940.8607177734,1425.8841552734,780.9237670898,3337.4558105469,1482.8770751953,1565.8646240234,407.5946044922,2315.9560546875,1428.4638671875,3532.4311523438,24945.4492187500
2025-05-20,929.3104858398,1415.2563476562,771.7393798828,3318.0124511719,1483.6375732422,1555.1383056641,407.1733093262,2275.5214843750,1412.4025878906,3500.6411132812,24683.9003906250
2025-05-21,935.0856323242,1421.6525878906,773.1636352539,3344.0947265625,1491.1479492188,1568.1428222656,405.3944396973,2297.6823730469,1416.9631347656,3521.4418945312,24813.4492187500
2025-05-22,931.7370605469,1419.0941162109,771.3464355469,3297.8098144531,1471.1834716797,1550.1071777344,398.9343261719,2265.4128417969,1397.3327636719,3484.5495605469,24609.6992187500
2025-05-23,938.3856201172,1426.6713867188,776.5034790039,3333.4716796875,1487.6304931641,1564.5356445312,408.4840393066,2293.1145019531,1414.5838623047,3532.1364746094,24853.1503906250
2025-05-26,941.5886840820,1437.2989501953,780.3344726562,3355.0024414062,1502.5561523438,1588.6463623047,414.6632690430,2327.0366210938,1422.5152587891,3580.0180664062,25001.1503906250
2025-05-27,934.8430175781,1423.3255615234,779.6468505859,3318.3916015625,1492.6691894531,1568.2376708984,406.2370300293,2313.5261230469,1409.9239501953,3571.4819335938,24826.1992187500
2025-05-28,933.4841308594,1430.6075439453,782.4463500977,3317.4428710938,1494.2852783203,1573.1738281250,400.6591186523,2295.8356933594,1400.8027343750,3577.6633300781,24752.4492187500
2025-05-29,935.4252929688,1433.2644042969,783.2321777344,3317.8225097656,1507.4047851562,1580.1981201172,399.2765197754,2300.4042968750,1405.6608886719,3586.4938964844,24833.5996093750
2025-05-30,943.8696899414,1422.7352294922,797.9174804688,3284.9106445312,1506.5369873047,1553.5245361328,398.6090698242,2282.5195312500,1408.7342529297,3605.9213867188,24750.6992187500
2025-06-02,937.6577148438,1427.3601074219,799.2435913086,3272.0117187500,1497.9569091797,1548.6833496094,399.8009338379,2305.1672363281,1401.5958251953,3610.3366699219,24716.5996093750
2025-06-03,934.0179443359,1414.9611816406,795.4617309570,3229.7099609375,1487.5450439453,1547.6392822266,397.5602722168,2286.4077148438,1393.4661865234,3609.5444335938,24542.5000000000
2025-06-04,942.0740356445,1408.1711425781,792.2201538086,3235.1640625000,1495.4503173828,1543.5573730469,397.6079101562,2298.2658691406,1411.3120117188,3591.4213867188,24620.1992187500
2025-06-05,946.1505737305,1431.5916748047,791.7290039062,3225.7868652344,1498.4389648438,1549.5377197266,399.6102600098,2309.8325195312,1430.0501708984,3607.3657226562,24750.9003906250
2025-06-06,960.2728881836,1436.4133300781,798.6541748047,3238.3220214844,1507.5975341797,1554.5684814453,401.4695739746,2322.8571777344,1431.1407470703,3620.9331054688,25003.0507812500
2025-06-09,960.3699951172,1411.9106445312,805.5302734375,3274.3967285156,1516.3704833984,1564.6306152344,403.3765563965,2326.1621093750,1436.3953857422,3643.3144531250,25103.1992187500
2025-06-10,953.7698974609,1400.2004394531,802.5833740234,3313.6296386719,1538.6402587891,1583.4255371094,407.1428833008,2328.1059570312,1426.1834716797,3644.2058105469,25104.2500000000
2025-06-11,946.5388793945,1408.1711425781,800.6187744141,3322.2416992188,1572.4787597656,1634.4947509766,406.3323974609,2309.8325195312,1436.4945068359,3649.1574707031,25141.4003906250
2025-06-12,943.1416625977,1402.4637451172,791.6799316406,3286.1665039062,1550.7873535156,1614.8454589844,401.4218750000,2267.3566894531,1429.2570800781,3569.0397949219,24888.1992187500
2025-06-13,930.6207885742,1393.5089111328,778.3206787109,3297.1708984375,1544.4245605469,1609.2448730469,394.6520690918,2254.0405273438,1415.6743164062,3552.6994628906,24718.5996093750
2025-06-16,939.2592163086,1404.1365966797,778.4680786133,3345.5898437500,1565.4411621094,1635.5388183594,398.7521362305,2262.2048339844,1425.4896240234,3593.5998535156,24946.5000000000
2025-06-17,936.4444580078,1400.4957275391,778.2716064453,3363.7709960938,1580.9625244141,1641.8037109375,397.9893188477,2263.3715820312,1418.9460449219,3587.2619628906,24853.4003906250
2025-06-18,938.5313110352,1390.0648193359,777.8787231445,3302.6254882812,1574.2141113281,1628.7991943359,396.5590515137,2232.9482421875,1417.8554687500,3566.6630859375,24812.0507812500
2025-06-19,939.2107543945,1388.7856445312,771.1990356445,3276.4062500000,1560.2352294922,1626.9007568359,396.6544189453,2229.9350585938,1421.0281982422,3586.0737304688,24793.2500000000
2025-06-20,953.4786376953,1404.3334960938,782.0534667969,3287.6020507812,1564.5734863281,1651.5809326172,399.0858154297,2241.5988769531,1453.6463623047,3626.5778808594,25112.4003906250
2025-06-23,945.5681762695,1397.4450683594,776.2088012695,3247.3171386719,1527.0715332031,1616.7437744141,394.6520690918,2234.6254882812,1444.3269042969,3549.0351562500,24971.9003906250
2025-06-24,951.6345214844,1401.3813476562,781.3167114258,3244.2543945312,1524.7576904297,1605.9224853516,395.0811767578,2222.8391113281,1438.3782958984,3569.9311523438,25044.3496093750
2025-06-25,961.0009155273,1403.0543212891,785.8843383789,3296.3098144531,1556.8609619141,1629.9382324219,396.9881286621,2238.1611328125,1454.7370605469,3584.7861328125,25244.7500000000
2025-06-26,981.1896362305,1416.1420898438,782.9375000000,3293.4392089844,1557.9213867188,1636.5828857422,400.7544250488,2240.2238769531,1482.4973144531,3624.2011718750,25549.0000000000
2025-06-27,988.5982666016,1438.8735351562,791.1396484375,3292.7692871094,1550.2089843750,1635.8236083984,399.1811828613,2265.8593750000,1502.4251708984,3643.6115722656,25637.8007812500
2025-06-30,982.0236816406,1422.7352294922,805.8249511719,3312.7683105469,1544.2318115234,1640.8544921875,397.0834960938,2253.7785644531,1487.7518310547,3634.3024902344,25517.0507812500
2025-07-01,987.2244873047,1409.1552734375,805.7758178711,3281.8605957031,1549.0522460938,1631.0773925781,395.7962646484,2254.6623535156,1515.3138427734,3631.2324218750,25541.8007812500
2025-07-02,974.4187011719,1405.0223388672,798.5068969727,3275.7365722656,1552.6191406250,1631.3623046875,393.7462463379,2266.0561523438,1505.7960205078,3562.0085449219,25453.4003906250
2025-07-03,974.9583740234,1403.1527099609,792.8095092773,3254.2062988281,1560.5244140625,1625.0021972656,394.1276550293,2272.2438964844,1504.8046875000,3548.2429199219,25405.3007812500
2025-07-04,976.0378417969,1419.7829589844,797.4754028320,3272.3874511719,1581.7336425781,1638.2916259766,393.3648376465,2297.6831054688,1514.2233886719,3559.8300781250,25461.0000000000
2025-07-07,975.1055908203,1412.7962646484,792.5639648438,3264.6367187500,1568.5262451172,1623.5782470703,396.7974548340,2367.5183105469,1528.3016357422,3546.7575683594,25461.3007812500
2025-07-08,981.9746093750,1418.9957275391,798.2612915039,3259.3737792969,1579.8055419922,1621.3950195312,397.7986450195,2350.1330566406,1524.4349365234,3571.5156250000,25522.5000000000
2025-07-09,986.7828369141,1409.0568847656,796.5913696289,3237.9394531250,1574.9853515625,1589.0260009766,399.9440002441,2380.2868652344,1505.9942626953,3545.0739746094,25476.0996093750
2025-07-10,984.3296508789,1401.3813476562,793.6936035156,3236.2167968750,1557.7287597656,1579.2487792969,397.4649047852,2365.5539550781,1504.2095947266,3540.1223144531,25355.2500000000
2025-07-11,973.2902221680,1399.2164306641,794.3321533203,3125.2172851562,1537.5797119141,1555.1383056641,397.4172058105,2474.7756347656,1482.3980712891,3506.3522949219,25149.8496093750
2025-07-14,972.9467773438,1400.2988281250,794.5285644531,3083.7834472656,1513.8638916016,1537.5773925781,399.8963012695,2471.8291015625,1470.9964599609,3462.0844726562,25082.3007812500
2025-07-15,979.0798339844,1407.9744873047,801.9940185547,3112.1074218750,1528.6140136719,1486.8879394531,402.4707641602,2481.9458007812,1472.6820068359,3460.2028808594,25195.8007812500
2025-07-16,979.4722900391,1403.6446533203,816.9739990234,3104.2346191406,1550.1126708984,1483.4708251953,404.8544921875,2472.8112792969,1472.8802490234,3469.9082031250,25212.0507812500
2025-07-17,974.8602294922,1396.0673828125,814.3217773438,3081.2868652344,1526.5895996094,1465.5300292969,404.2347106934,2465.1499023438,1463.7591552734,3440.3964843750,25111.4492187500
2025-07-18,960.3862304688,1403.0543212891,808.7717895508,3062.7563476562,1529.0959472656,1481.6978759766,403.0905151367,2445.3093261719,1463.3625488281,3431.2854003906,24968.4003906250
2025-07-21,981.5330200195,1442.4161376953,809.6068115234,3032.3198242188,1527.3608398438,1464.0950927734,400.5637512207,2421.0488281250,1416.3682861328,3468.9179687500,25090.6992187500
2025-07-22,984.7712402344,1450.0916748047,800.5697021484,3033.6640625000,1514.4423828125,1454.2412109375,396.6544189453,2435.5854492188,1400.7036132812,3431.0874023438,25060.9003906250
2025-07-23,993.2103881836,1464.8524169922,806.1196899414,3052.3867187500,1517.9129638672,1463.5209960938,395.6532592773,2406.8066406250,1412.4025878906,3451.1909179688,25219.9003906250
2025-07-24,988.2548217773,1459.7353515625,801.2573242188,3022.5266113281,1496.7036132812,1441.9001464844,390.8857727051,2394.4309082031,1390.8884277344,3443.8625488281,25062.0996093750
2025-07-25,985.9922485352,1453.5357666016,792.2692871094,3010.8127441406,1461.2261962891,1425.5408935547,390.3613281250,2372.4291992188,1379.7841796875,3409.5971679688,24837.0000000000
2025-07-28,987.9105224609,1464.6555175781,783.0357666016,2956.5646972656,1461.5153808594,1402.5808105469,390.8381042480,2398.1633300781,1375.7192382812,3389.0974121094,24680.9003906250
2025-07-29,994.3539428711,1462.4906005859,785.0494384766,2934.1933593750,1459.2979736328,1408.6079101562,389.4555358887,2409.9499511719,1404.9666748047,3461.7875976562,24821.0996093750
2025-07-30,996.4197998047,1458.7512207031,787.4560546875,2931.8889160156,1464.4077148438,1412.5301513672,388.6450500488,2394.0378417969,1398.0266113281,3629.6479492188,24855.0507812500
2025-07-31,992.6815795898,1457.7672119141,782.4463500977,2915.7587890625,1454.7670898438,1404.3028564453,392.7927856445,2476.3471679688,1378.2969970703,3601.3244628906,24768.3496093750
2025-08-01,989.7304077148,1448.1235351562,779.9415283203,2883.3056640625,1416.7829589844,1389.1873779297,397.0834960938,2508.2690429688,1381.7670898438,3552.6005859375,24565.3496093750
2025-08-04,979.7947387695,1439.8575439453,781.6113891602,2951.8596191406,1427.2912597656,1410.5212402344,397.4649047852,2498.4467773438,1399.4146728516,3595.9768066406,24722.7500000000
2025-08-05,972.7118530273,1421.3575439453,786.4246215820,2941.7783203125,1407.8172607422,1418.4616699219,394.8904418945,2489.6069335938,1379.7841796875,3617.2690429688,24649.5507812500
2025-08-06,976.4992675781,1420.5703125000,790.8941040039,2911.4379882812,1385.0654296875,1399.8063964844,392.8404235840,2490.4909667969,1380.8747558594,3593.3027343750,24574.1992187500
2025-08-07,981.4671020508,1417.3229980469,790.8941040039,2925.5522460938,1385.2581787109,1411.5736083984,394.3660278320,2472.7128906250,1377.5040283203,3606.3752441406,24596.1503906250
2025-08-08,970.8920288086,1412.9931640625,790.0591430664,2915.3745117188,1371.9542236328,1411.7647705078,395.2241821289,2454.1494140625,1356.0888671875,3572.7041015625,24363.3007812500
2025-08-11,981.5654296875,1413.6818847656,808.8700561523,2919.5993652344,1376.8708496094,1423.5321044922,397.4649047852,2473.5966796875,1374.3312988281,3632.9160156250,24585.0507812500
2025-08-12,968.9245605469,1410.1120605469,806.0704956055,2914.4140625000,1372.9183349609,1434.1510009766,396.9881286621,2439.6125488281,1368.5810546875,3650.4448242188,24487.4003906250
2025-08-13,974.0399169922,1408.9221191406,807.2983398438,2915.1828613281,1375.3284912109,1436.0644531250,394.8427734375,2450.7116699219,1370.7620849609,3657.9711914062,24619.3496093750
2025-08-14,979.3520507812,1415.3677978516,811.9151611328,2901.8364257812,1395.6700439453,1425.2540283203,392.3160095215,2436.4694824219,1367.4774169922,3641.4328613281,24631.3007812500
2025-08-18,985.5003662109,1422.6066894531,812.9957275391,2891.1791992188,1384.1977539062,1420.6619873047,387.4054870605,2522.4130859375,1375.3409423828,3599.9382324219,24876.9492187500
2025-08-19,979.3520507812,1424.2924804688,815.6970214844,2895.9797363281,1388.2469482422,1412.1475830078,390.0752868652,2558.4599609375,1413.5642089844,3578.0520019531,24980.6503906250
2025-08-20,977.9256591797,1418.6401367188,814.2727050781,2975.0952148438,1442.4270019531,1431.1854248047,387.1671142578,2622.3037109375,1406.4969482422,3557.5522460938,25050.5507812500
2025-08-21,979.4012451172,1433.9113769531,811.0802612305,2978.9360351562,1442.6198730469,1428.7937011719,386.6903686523,2600.8913574219,1418.2426757812,3577.6557617188,25083.7500000000
2025-08-22,966.3176269531,1424.3917236328,801.7975463867,2932.2727050781,1434.0396728516,1402.7720947266,379.7774963379,2583.1132812500,1402.7143554688,3561.0183105469,24870.0996093750
2025-08-25,966.0717163086,1421.2183837891,801.9940185547,3015.4213867188,1477.0367431641,1439.0301513672,380.7787170410,2584.7832031250,1406.0987548828,3568.2478027344,24967.7500000000
2025-08-26,957.5625000000,1404.7572021484,793.5462646484,3031.3596191406,1474.6265869141,1428.1240234375,384.5927124023,2644.6979980469,1378.5262451172,3507.0454101562,24712.0507812500
2025-08-28,942.2162475586,1387.4034423828,787.7507324219,2970.3903808594,1446.1868896484,1386.9870605469,382.2566223145,2607.1774902344,1379.5217285156,3525.6635742188,24500.9003906250
2025-08-29,936.1171264648,1386.1143798828,788.2910156250,2961.7492675781,1416.7829589844,1391.7703857422,390.6950683594,2612.4814453125,1350.9537353516,3566.1679687500,24426.8496093750
2025-09-01,935.1333618164,1399.2039794922,791.7781372070,2988.5373535156,1445.5120849609,1404.7812500000,386.9764404297,2602.3647460938,1347.6689453125,3563.5930175781,24625.0507812500
2025-09-02,929.1326904297,1382.5444335938,789.6662597656,2987.4812011719,1444.8371582031,1402.1979980469,387.8345947266,2629.3754882812,1360.2109375000,3540.3203125000,24579.5996093750
2025-09-03,938.9207763672,1385.3210449219,797.7701416016,2974.0393066406,1425.9415283203,1402.5808105469,392.6020507812,2617.2941894531,1366.2828369141,3565.9699707031,24715.0507812500
2025-09-04,945.6101074219,1393.7500000000,795.0688476562,2972.3107910156,1410.4202880859,1380.7686767578,396.5590515137,2619.1606445312,1353.0440673828,3557.8493652344,24734.3007812500
2025-09-05,947.7251586914,1391.0726318359,792.3183593750,2926.8002929688,1392.6813964844,1357.5213623047,388.4066772461,2586.5507812500,1368.6718750000,3519.2265625000,24741.0000000000
2025-09-08,950.2828369141,1390.9733886719,794.4794311523,2898.6682128906,1381.4020996094,1342.2145996094,388.5973815918,2577.2199707031,1372.1557617188,3495.4587402344,24773.1503906250
2025-09-09,949.4467163086,1391.9649658203,794.5285644531,2927.8562011719,1450.2359619141,1365.2706298828,390.9811096191,2594.9980468750,1369.8662109375,3490.9030761719,24868.5996093750
2025-09-10,950.1845092773,1392.1633300781,803.7130126953,2986.0410156250,1477.5187988281,1400.4761962891,393.8415832520,2596.4714355469,1370.6625976562,3515.6613769531,24973.0996093750
2025-09-11,952.0535278320,1389.8825683594,809.0665283203,2999.6750488281,1455.4417724609,1404.1114501953,395.7485961914,2575.3540039062,1376.9337158203,3505.4609375000,25005.5000000000
2025-09-12,951.5617065430,1405.8479003906,808.9682617188,3008.5085449219,1470.7703857422,1403.6330566406,394.5090332031,2534.5920410156,1388.5798339844,3545.1730957031,25114.0000000000
2025-09-15,951.3157348633,1407.5338134766,810.1470336914,2987.8649902344,1454.1885986328,1402.9635009766,393.4602050781,2535.0832519531,1392.8599853516,3551.5109863281,25069.1992187500
2025-09-16,951.1190185547,1409.7153320312,816.8266601562,3020.3181152344,1456.9844970703,1418.8443603516,393.8892822266,2534.9851074219,1398.8323974609,3632.3217773438,25239.0996093750
2025-09-17,950.7747192383,1407.3354492188,841.9733886719,3046.3378906250,1467.6855468750,1417.3135986328,390.2659606934,2523.9841308594,1407.2933349609,3649.8505859375,25330.2500000000
2025-09-18,961.0055541992,1409.8144531250,839.2229003906,3050.0822753906,1485.2313232422,1429.0808105469,392.4113464355,2540.7800292969,1408.4876708984,3650.3457031250,25423.5996093750
2025-09-19,951.1682128906,1390.4775390625,847.0812988281,3042.8815917969,1484.8457031250,1403.8244628906,391.5531921387,2514.0639648438,1400.9227294922,3639.8481445312,25327.0507812500
2025-09-22,948.5121459961,1389.7834472656,840.1069946289,2951.2836914062,1445.6083984375,1377.5158691406,388.0252990723,2526.4399414062,1384.1999511719,3609.2470703125,25202.3496093750
2025-09-23,941.6260375977,1382.6436767578,855.1851806641,2940.3381347656,1443.6802978516,1367.8535156250,384.4496765137,2477.3293457031,1383.4038085938,3622.2204589844,25169.5000000000
2025-09-24,935.5761108398,1371.1405029297,850.8631591797,2914.4140625000,1440.8845214844,1379.8118896484,382.3519592285,2504.1437988281,1376.6350097656,3638.2639160156,25056.9003906250
2025-09-25,934.3955688477,1364.2983398438,845.9025878906,2839.5231933594,1431.4367675781,1362.1135253906,381.4938354492,2493.1430664062,1366.0838623047,3609.1479492188,24890.8496093750
2025-09-26,929.6737060547,1348.2336425781,841.7769165039,2783.5471191406,1396.8270263672,1334.8481445312,386.2612915039,2467.1142578125,1371.2598876953,3693.4250488281,24654.6992187500
2025-09-29,934.8382568359,1336.8298339844,855.3325805664,2780.6665039062,1389.9821777344,1327.2905273438,388.3113098145,2453.4614257812,1366.4819335938,3652.7224121094,24634.9003906250
2025-09-30,935.5269165039,1336.7307128906,857.0025024414,2773.2734375000,1389.9821777344,1325.0902099609,382.8763732910,2469.6679687500,1357.7224121094,3623.6069335938,24611.0996093750
2025-10-01,949.5450439453,1360.5300292969,848.8002929688,2798.0451660156,1393.8383789062,1329.2995605469,386.7380676270,2491.0803222656,1362.4007568359,3634.7976074219,24836.3007812500
2025-10-03,949.4467163086,1353.7868652344,851.9436645508,2786.2353515625,1394.6096191406,1333.1260986328,385.4985046387,2499.6254882812,1357.1252441406,3696.9902343750,24894.2500000000
2025-10-06,957.6116333008,1352.0019531250,858.5741577148,2869.2878417969,1422.9530029297,1356.2777099609,382.1135864258,2496.5808105469,1368.6718750000,3700.8525390625,25077.6503906250
2025-10-07,966.5144042969,1364.3974609375,849.3897094727,2855.1735839844,1406.0819091797,1371.2976074219,381.2077941895,2472.4182128906,1378.4267578125,3693.6230468750,25108.3007812500
2025-10-08,962.7762451172,1358.8443603516,843.0538940430,2906.5412597656,1441.2701416016,1390.2396240234,381.1600952148,2455.6225585938,1361.1068115234,3693.7221679688,25046.1503906250
2025-10-09,961.2022094727,1364.6948242188,846.8356933594,2939.6660156250,1455.0562744141,1422.0970458984,381.3031005859,2472.8112792969,1371.4589843750,3732.7409667969,25181.8007812500
2025-10-10,964.9404296875,1368.7607421875,865.0573120117,2907.5974121094,1460.4549560547,1430.7070312500,384.0682678223,2483.9101562500,1375.3409423828,3747.3977050781,25285.3496093750
2025-10-13,961.1038818359,1367.8681640625,867.3165893555,2887.3386230469,1439.5347900391,1429.9416503906,380.6833496094,2448.4523925781,1368.6718750000,3733.0380859375,25227.3496093750
2025-10-14,961.2514648438,1372.5288085938,861.4227905273,2842.3078613281,1436.3535156250,1430.6113281250,378.3472595215,2457.7834472656,1369.5677490234,3708.0817871094,25145.5000000000
2025-10-15,962.3335571289,1386.7093505859,870.4107666016,2862.0639648438,1421.4106445312,1430.8983154297,381.3031005859,2474.1862792969,1367.9750976562,3791.6652832031,25323.5507812500
2025-10-16,978.1715698242,1405.4514160156,871.2457275391,2862.9313964844,1418.6147460938,1449.3621826172,386.3089904785,2515.9301757812,1391.8646240234,3824.4453125000,25585.3007812500
2025-10-17,986.2381591797,1424.5899658203,873.4067993164,2854.7395019531,1389.3073730469,1433.1617431641,392.9834289551,2557.3793945312,1410.2795410156,3802.2619628906,25709.8496093750
2025-10-20,986.6316528320,1378.6771240234,891.4318847656,2905.8168945312,1408.3957519531,1442.0334472656,393.8415832520,2548.2446289062,1460.0493164062,3835.2397460938,25843.1503906250
2025-10-21,991.3043823242,1370.4464111328,891.7756347656,2897.6254882812,1419.4824218750,1432.9688720703,393.6509094238,2545.5930175781,1458.4566650391,3850.5898437500,25868.5996093750
2025-10-23,992.3864746094,1352.2994384766,895.4101562500,2961.7128906250,1473.5661621094,1469.5164794922,396.6067504883,2555.3168945312,1441.7340087891,3880.7949218750,25891.4003906250
2025-10-24,978.5650634766,1366.1823730469,888.4849853516,2952.0756835938,1470.5776367188,1469.4200439453,397.4172058105,2471.6323242188,1444.9193115234,3867.1281738281,25795.1503906250
2025-10-27,986.6316528320,1366.0832519531,906.4118652344,2972.9882812500,1472.6330566406,1478.7738037109,401.0881652832,2467.1142578125,1477.2696533203,3885.8457031250,25966.0507812500
2025-10-28,987.2218627930,1351.7044677734,913.7790527344,2946.9677734375,1468.4241943359,1467.7806396484,398.4660644531,2452.6760253906,1480.0568847656,3934.3715820312,25936.1992187500
2025-10-29,991.4519042969,1358.9434814453,923.1108398438,2946.6789550781,1478.4082031250,1501.7244873047,401.9940185547,2443.8359375000,1497.2770996094,3919.8139648438,26053.9003906250
2025-10-30,981.9097900391,1351.0103759766,917.8064575195,2925.1877441406,1462.1597900391,1494.4921875000,399.2765197754,2425.6650390625,1481.6494140625,3948.9294433594,25877.8496093750
2025-10-31,971.2362670898,1334.0533447266,920.4095458984,2947.0642089844,1450.9034423828,1486.4884033203,400.8021545410,2421.6379394531,1479.5592041016,3991.9094238281,25722.0996093750
2025-11-03,976.4992675781,1335.1440429688,932.8847045898,2907.3591308594,1454.0355224609,1488.4168701172,394.6997680664,2416.2358398438,1477.8669433594,3941.9970703125,25763.3496093750
2025-11-04,969.2196655273,1325.7235107422,940.6447753906,2881.7238769531,1436.8083496094,1474.5307617188,389.8845825195,2402.1901855469,1466.3203125000,3886.4396972656,25597.6503906250
2025-11-06,968.6294555664,1309.3614501953,943.7390136719,2901.6728515625,1435.6336669922,1471.9272460938,388.5496826172,2392.6628417969,1489.2144775391,3844.0539550781,25509.6992187500
2025-11-07,966.3176269531,1331.7724609375,938.9257812500,2883.2661132812,1445.5198974609,1458.4268798828,385.2601318359,2389.6931152344,1471.1977539062,3844.9450683594,25492.3007812500
2025-11-10,968.4818725586,1336.7307128906,934.3090209961,2915.4541015625,1481.4425048828,1485.5239257812,386.6903686523,2384.5454101562,1482.4458007812,3880.5969238281,25574.3496093750
2025-11-11,975.5646972656,1346.9445800781,936.4209594727,2936.4636230469,1497.8867187500,1513.9711914062,387.9299316406,2403.0571289062,1486.5269775391,3916.7436523438,25694.9492187500
2025-11-12,973.4005126953,1347.5395507812,940.2028198242,3018.1870117188,1518.8333740234,1537.1147460938,388.0729370117,2400.0874023438,1504.5435791016,3916.3476562500,25875.8007812500
2025-11-13,970.5969238281,1374.3138427734,937.1085815430,2993.0336914062,1509.1430664062,1541.4541015625,386.8334350586,2383.3576660156,1503.9464111328,3963.7841796875,25879.1503906250
2025-11-14,973.4988403320,1361.5217285156,950.7133178711,2993.3229980469,1470.9691162109,1537.6933593750,389.1694641113,2403.2551269531,1511.9095458984,3965.6657714844,25910.0507812500
2025-11-17,980.3357543945,1367.4715576172,956.1159057617,2989.6606445312,1475.6674804688,1549.0721435547,388.1683044434,2400.5822753906,1511.3123779297,3988.7404785156,26013.4492187500
2025-11-18,976.3024902344,1361.9183349609,955.2318725586,2975.1088867188,1454.9165039062,1538.2718505859,386.9764404297,2379.7937011719,1512.4072265625,3960.9123535156,25910.0507812500
2025-11-19,978.4174804688,1371.5372314453,965.3494873047,3033.5100097656,1508.4578857422,1603.2666015625,384.7833862305,2417.0153808594,1511.9095458984,3980.7189941406,26052.6503906250
2025-11-20,992.4356689453,1371.4381103516,964.1707153320,3030.7155761719,1503.9553222656,1586.6804199219,386.5950317383,2403.9479980469,1541.9705810547,3998.3466796875,26192.1503906250
2025-11-21,981.8114013672,1358.0509033203,955.3792114258,3036.3051757812,1512.2752685547,1550.6151123047,388.8834228516,2409.1948242188,1539.4820556641,3985.9675292969,26068.1503906250
2025-11-24,982.8934936523,1356.9602050781,953.4146118164,3027.2460937500,1515.2117919922,1552.9294433594,384.7833862305,2399.7902832031,1528.8312988281,3974.4799804688,25959.5000000000
2025-11-25,973.6956176758,1346.4488525391,966.1844482422,3006.0444335938,1498.1802978516,1543.9613037109,382.1612548828,2389.7922363281,1532.6137695312,3958.0402832031,25884.8007812500
2025-11-26,987.5662231445,1363.5050048828,966.4791870117,3048.1589355469,1524.9020996094,1560.1618652344,383.5915222168,2400.7802734375,1562.6748046875,4022.7087402344,26205.3007812500
2025-11-27,993.0750732422,1380.5611572266,955.6247558594,3022.8129882812,1533.2220458984,1570.8657226562,385.4985046387,2427.0134277344,1556.2047119141,4041.8220214844,26215.5507812500
2025-11-28,991.2059936523,1377.1896972656,961.6658935547,3023.6801757812,1527.0554199219,1566.2368164062,385.4508361816,2441.7636718750,1560.2858886719,4030.2353515625,26202.9492187500
2025-12-01,985.7954711914,1378.4787597656,955.8703613281,3019.7292480469,1530.8728027344,1584.2696533203,385.4508361816,2439.6845703125,1558.8923339844,4033.8002929688,26175.7500000000
2025-12-02,973.6956176758,1361.5217285156,950.1730346680,3021.9458007812,1527.9364013672,1577.1335449219,382.3043212891,2452.8508300781,1539.1834716797,3991.5134277344,26032.1992187500
2025-12-03,984.2214965820,1379.8670654297,934.2107543945,3064.6386718750,1545.2614746094,1581.9553222656,381.8752441406,2423.3508300781,1531.7180175781,3949.4245605469,25986.0000000000
2025-12-04,980.9752197266,1375.1070556641,931.3129882812,3112.0534667969,1563.7611083984,1595.5520019531,384.3066101074,2437.4077148438,1528.5327148438,3945.0671386719,26033.7500000000
2025-12-05,986.9759521484,1380.8586425781,954.2987060547,3120.7270507812,1581.9671630859,1622.9385986328,386.1182861328,2315.0524902344,1533.5096435547,3999.1389160156,26186.4492187500
2025-12-08,986.7791748047,1377.9829101562,939.4660644531,3119.0888671875,1576.6816406250,1628.3386230469,383.5915222168,2290.6999511719,1535.8986816406,3958.0402832031,25960.5507812500
2025-12-09,980.8768310547,1363.7032470703,942.3638305664,3091.9118652344,1565.1314697266,1598.4449462891,382.3996582031,2283.2756347656,1522.3612060547,3958.8327636719,25839.6503906250
2025-12-10,973.6956176758,1352.2001953125,942.7567749023,3073.5046386719,1551.2322998047,1606.5451660156,384.4019775391,2278.5239257812,1529.8267822266,3952.6926269531,25758.0000000000
2025-12-11,984.0247802734,1348.6303710938,946.1947631836,3076.1066894531,1564.1527099609,1612.7169189453,384.1636047363,2282.3847656250,1537.8894042969,3965.1706542969,25898.5507812500
2025-12-12,985.2052612305,1354.5802001953,946.0965576172,3103.6691894531,1564.3483886719,1613.4882812500,381.4938354492,2237.8378906250,1549.3365478516,4034.6918945312,26046.9492187500
2025-12-15,979.8930664062,1353.7868652344,950.1239624023,3113.0170898438,1572.7663574219,1623.9028320312,383.5915222168,2270.4064941406,1549.0378417969,4052.7158203125,26027.3007812500
2025-12-16,978.1223754883,1354.5802001953,944.1319580078,3088.8281250000,1559.1607666016,1592.7553710938,383.0194091797,2258.1313476562,1535.2019042969,4024.4914550781,25860.0996093750
2025-12-17,967.9899902344,1341.0938720703,958.5716552734,3101.0673828125,1568.0679931641,1595.9377441406,381.2077941895,2252.6867675781,1537.2922363281,4023.1047363281,25818.5507812500
2025-12-18,963.7599487305,1345.4571533203,960.2415771484,3161.7817382812,1592.3427734375,1602.1093750000,381.7798767090,2242.6884765625,1537.2922363281,3992.1076660156,25815.5507812500
2025-12-19,969.4655761719,1342.7796630859,962.9428710938,3162.9382324219,1603.9906005859,1583.7874755859,382.3996582031,2257.0424804688,1557.8968505859,4034.0974121094,25966.4003906250
2025-12-22,971.6298217773,1357.0593261719,957.0491333008,3204.2819824219,1653.8125000000,1610.6917724609,383.9729309082,2266.4467773438,1568.1495361328,4033.0080566406,26172.4003906250
2025-12-23,980.3849487305,1351.6052246094,954.6916503906,3189.9226074219,1632.9637451172,1619.9492187500,388.4066772461,2279.4147949219,1563.4710693359,4019.5397949219,26177.1503906250
2025-12-24,980.9752197266,1348.4321289062,951.7938842773,3198.5961914062,1628.1674804688,1614.9346923828,387.6915588379,2259.2202148438,1551.0286865234,4014.3901367188,26142.0996093750
2025-12-26,975.9581909180,1339.1105957031,949.1907348633,3161.0109863281,1621.0220947266,1601.6273193359,385.3554992676,2262.3879394531,1552.0240478516,4008.1508789062,26042.3007812500
2025-12-29,975.5646972656,1332.0700683594,947.9628906250,3133.5446777344,1609.8635253906,1572.6014404297,383.8775634766,2270.2084960938,1538.4866943359,3999.6340332031,25942.0996093750
2025-12-30,974.7777709961,1331.2766113281,956.2141723633,3129.0153808594,1587.2528076172,1557.5581054688,381.9705810547,2267.1396484375,1532.7133789062,4012.8054199219,25938.8496093750
2025-12-31,975.0728759766,1331.6733398438,964.8092651367,3089.8879394531,1581.1842041016,1565.3692626953,384.2589721680,2292.5808105469,1563.1726074219,4044.0007324219,26129.5996093750
