Date,HDFCBANK.NS,ICICIBANK.NS,SBIN.NS,TCS.NS,INFY.NS,HCLTECH.NS,ITC.NS,HINDUNILVR.NS,RELIANCE.NS,LT.NS
2023-01-03,0.00651761394642,-0.00121965025288,0.000326506125106,0.0151842955642,-0.000951873254842,0.00182617014385,-0.00527161200817,-0.00641135611419,-0.0073447973094,-0.000239284042856
2023-01-04,-0.0180344329114,-0.00249940111378,-0.0118266824367,0.000995765677413,-0.0183941658102,-0.00457179647055,-0.0124600558988,-0.00234329399914,-0.0151710415759,-0.00884714781917
2023-01-05,-0.00644918883697,-0.0224386972638,-0.000165127655841,-0.00107138849506,-0.0131989499122,0.00720915068321,0.0195325409929,0.0185949863586,-0.0017883573881,0.00808107819058
2023-01-06,-0.00331858247209,-0.0103473607499,-0.00738133700115,-0.0305266599207,-0.0182648437596,-0.0108817517816,0.00478693722918,-0.00281021074675,0.00904785914938,-0.000383437335039
2023-01-09,0.00194241110084,0.00372823269872,0.011668846107,0.0331959813022,0.0245155814272,0.0329990101975,0.00891400413143,0.0183068195032,0.0233371255961,0.0167057127425
2023-01-10,-0.0184476411094,-0.0138355297254,-0.0208678711667,-0.0101569841727,-0.00995188719928,-0.00337820268425,-0.0138507610176,0.00751706286953,-0.0148977995581,-0.00711876352732
2023-01-11,0.0143076462387,0.00573035586038,0.00260103057785,0.0127890262478,0.0010200651124,-0.00854307221087,-0.00481057332178,-0.0193244156125,-0.0126857953626,0.00883756492238
2023-01-12,0.00532873892245,-0.00654335254063,-0.00302115033429,0.00169592157488,0.00633497241538,0.0158483737342,-0.00589460042073,-0.00123454478459,-0.0218307532239,0.0160560826793
2023-01-13,0.000781158588957,0.0147629889093,0.00870289865155,0.0119842975261,0.0154482505032,0.00572229990267,-0.00334035333293,0.0130227325021,-0.00161951775781,-0.00294459186887
2023-01-16,-0.00963604258151,-0.0094323326871,0.00482097388192,0.0104016340862,0.014426622073,0.0146444115318,0.00440101501263,-0.0103045090373,-0.00956899251356,-0.00755147259913
2023-01-17,0.0147769384879,-0.00011562022718,-0.0168070998499,0.0132143422039,0.00913540892561,0.0157392034781,0.00618911414191,0.0267650609868,0.0140975475837,0.0348976468036
2023-01-18,0.0174978054079,0.00501542265005,-0.00253296639887,0.00342784283467,0.00382513783159,0.0036834254464,0.0071975946467,0.00696695515891,-0.00165540863436,0.0238425705816
2023-01-19,0.0041445576155,-0.00386025842292,-0.00270901788681,-0.00499774986713,-0.00421491686225,0.00563934967861,-0.00749845010753,-0.0136621607862,-0.0010715860867,0.00290788459196
2023-01-20,0.010196615034,0.00483733001949,0.00397630307579,-0.00296886772839,-0.00871282742971,-0.00324439359643,0.00734883646125,-0.0388621910266,-0.0119641599224,-0.0102366194706
2023-01-23,0.00728842605866,0.00154992816886,0.0138349402035,0.015284900226,0.0146086262577,0.0120232715762,0.0093702900151,0.0185228125759,-0.00506883615491,-0.00733809881254
2023-01-24,0.0132994775563,-0.00109043433133,-0.0102111379691,0.00624718014291,0.00251625628995,0.0147409978094,0.00354683139867,0.00157787490575,-0.00592194727813,-0.0117092073366
2023-01-25,-0.0280207987361,-0.0179026846203,-0.0441151507531,-0.00190787416257,-0.00575138247349,-0.0133594190453,0.000884636791963,0.00836728108004,-0.0139214123026,-0.0149700089802
2023-01-27,-0.020126591346,-0.0455683588903,-0.0518765177102,-0.00546729181393,-0.0155775843989,-0.00638863956683,0.0197015317425,-0.00389739021462,-0.0191534308089,-0.0068518339488
2023-01-30,-0.00102160326326,0.00767957819702,-0.0032463111456,0.00660354972675,0.0128519632655,0.0170200444074,-0.00347443646124,-0.0169879175632,0.00953776130753,-0.021977432306
2023-01-31,-0.00661994384629,0.0101488528662,0.0280315138559,-0.0220698985396,-0.0032872137293,-0.0111213004246,0.0216605094001,0.00334323161765,-0.00250325718691,0.00542788305501
2023-02-01,0.0148871388719,0.0191094373933,-0.0483972805049,0.0146744134831,0.0112486028524,0.00878310356823,0.0253604594829,-0.000970741406456,-0.00594413628347,0.00990664587041
2023-02-02,-0.0149806662732,0.0116658421815,0.00142115351219,0.0151558985311,0.0208311658563,0.0153399500785,0.0464948746591,0.0232681860218,-0.0055498882201,-0.000302909816441
2023-02-03,0.0339993330387,0.00685374606055,0.0300312414346,0.00630856094873,0.00983304928631,-0.00300561013139,0.0054000331619,0.00526126849975,0.000880600767157,0.0100429570458
2023-02-06,-0.00425911252307,-0.0117615224759,0.00220260382086,-0.0064386638827,-0.0186484962633,-0.000392839356107,0.00719860494978,-0.00421829703592,-0.00756404119977,-0.00483499064487
2023-02-07,0.00148208230207,-0.00111336470749,0.00311202391638,0.00363517461239,-0.00475687780296,-0.0153479704716,-0.0268304078634,-0.0138964226171,-0.00240393444352,0.00425779566173
2023-02-08,-0.000120908780419,0.00741889785015,0.0048320952717,0.013600014222,0.0178251919411,0.0147369699764,0.0061430094327,-0.00709888317437,0.0197738370453,-0.0160378707998
2023-02-09,-0.00208792227999,0.00197688409691,0.00190829653262,0.0058776127181,0.016524211439,0.00117834460849,-0.0034676307813,0.00150881645726,0.00174173047515,0.00773678090896
2023-02-10,0.00396048427961,-0.00810666608859,0.00407646781978,-0.000932581037403,-0.00523942303797,-0.0271457737186,-0.0077789295609,-0.00356293853068,-0.00826823759504,0.00763131829934
2023-02-13,0.000753969078426,-0.00375473899654,-0.0285195599977,-0.0157127340165,-0.0258830346148,-0.00237808449989,0.00764524655839,0.00135696114912,-0.00570804912281,0.0180671691116
2023-02-14,0.00921360479847,0.0170754614854,0.00621318887043,0.00506993286909,0.0163258185336,0.0111238533715,0.0322123193095,-0.000542482709761,0.0232916335426,-0.00530162510278
2023-02-15,-0.00203336763033,0.00633607564307,0.00258510630289,0.0058541588714,0.00238221424219,0.00659784076816,0.0051968543781,-0.0121491388812,0.0223914722108,-0.00760295181806
2023-02-16,-0.00362861146556,-0.00155145876222,-0.00397285586482,0.0105669394362,0.00296987319343,-0.00420173636229,0.000915139035246,-0.00841287264402,-0.000781507573555,0.00149301594588
2023-02-17,-0.0050299185012,-0.00785180454251,-0.0169922120208,-0.016121238683,-0.0113010167578,-0.0166244946803,0.00221962315414,-0.00460088901018,0.00416811973302,0.0218189049902
2023-02-20,-0.00943517888801,-0.0123052231979,-0.0110780851733,-0.00396354360848,0.00544661468613,0.00552747474984,0.00169376800049,-0.00161131519368,-0.0106290652691,-0.000381944773515
2023-02-21,0.00374223670474,0.00246150662912,-0.00324243524893,-0.0104639111358,-0.00816528933324,-0.00945585057107,-0.0046976632415,0.00186982930449,0.00812621731347,0.00177335032076
2023-02-22,-0.0198124637332,-0.0176567274874,-0.0136567625949,-0.0144327212765,-0.0112693993568,-0.0114657710525,0.00417683120306,-0.008822069696,-0.022938994725,-0.0156867234228
2023-02-23,-0.00680655605189,0.000595648567475,0.00896525448944,0.0035948480962,-0.00713255282914,0.0016001277586,0.00972198707127,-0.00136433699186,-0.00480359727423,-0.0163536526215
2023-02-24,-0.00895946646904,-5.96390306998e-05,9.60207289829e-05,-0.00391836679879,-3.21827616181e-05,0.000456718670776,-0.00647068564251,-0.00259286943155,0.00681935283877,-0.0116930933616
2023-02-27,0.00248283498843,0.0196929218976,0.0126820099678,-0.0203800122264,-0.0270280729534,-0.0100056675079,-0.0075589995802,-0.00648196825978,-0.00667151071232,-0.00958164245225
2023-02-28,0.00419744500689,-0.00181165305716,-0.00932902769822,-0.00571887117372,-0.0145155945276,-0.00587538200055,-0.0144951483891,-0.00304319802758,-0.0193166337712,-0.00215473333045
2023-03-01,-0.000969418552228,0.00169491159917,0.026240242666,0.0217519103717,0.00569785127406,0.0215733664382,0.00529538362831,0.0022731764662,0.00915055274334,0.00291155646202
2023-03-02,-0.00854691097378,-0.00268970819266,-0.00551180376239,-0.0191592607314,-0.0161043888016,0.00439510809643,-0.00835269181604,-0.0044293778092,-0.007644772752,0.00297381925796
2023-03-03,0.0196548455072,0.0168940979155,0.0501499656416,0.00621291185328,0.00484500241513,0.0117307123135,0.0247218047897,0.00635347927833,0.0251952765098,0.0142503574875
2023-03-06,0.00703011262102,-0.000921600895643,0.000890486284287,0.00884705346716,0.0188505403586,0.00685734189743,0.00827843617666,0.0055894494538,0.00972034262625,-0.00507788579867
2023-03-08,0.00199515336861,0.00500043293972,0.00550385133485,0.0054863128962,-0.00983300327818,-0.00538386238488,0.010889792677,0.000100558013182,0.00358484494881,0.0137527165833
2023-03-09,9.19672898929e-05,-0.0186919610727,-0.0105011716016,-0.0159203954141,-0.00827416054004,-0.00357576751254,-0.0125658419132,-0.00958278140906,-0.0243282406343,0.0102659819537
2023-03-10,-0.0261248059085,-0.0156604237555,-0.0208821947449,-0.00175481856212,-0.00599617855812,-0.00031349595268,0.00128946024412,0.00164415858444,-0.0156134631428,-0.0162494056915
2023-03-13,-0.0127328716718,-0.0170554997727,-0.0322113512113,-0.0148347264101,-0.0250818032975,-0.0159829865949,-0.0112746006919,-0.00420674652018,-0.0165829984948,-0.0111843045209
2023-03-14,-0.00268124129197,0.00235114659724,-0.00871717780258,-0.0206258973017,-0.0105776649913,-0.0133325112694,-0.0103492896815,-0.00516597727748,-0.00374956317841,0.00483867790375
2023-03-15,-0.0144550689624,-0.00537363045877,-0.0150537742097,-0.00500499493259,-0.00024642401579,-0.00406718676948,-0.000790256866903,-0.0149944293077,-0.017239784435,0.0150203140471
2023-03-16,0.00646457629085,-0.00242445937381,0.0133393873646,-0.00435465406756,-0.0110139058119,-0.00673771530898,0.00538855680017,0.0218900471212,-0.00499666194887,-0.00140219384358
2023-03-17,0.0132821810376,0.01487843178,0.0100540384958,-0.00179124602457,0.0117533786158,0.0330633966006,-0.0155880615342,-0.00487101528408,-0.00125861989065,0.0101388213799
2023-03-20,-0.00695514575718,0.00023914170644,-0.0202103147178,-0.0113879218261,-0.012073795292,-0.0160054702484,0.0086166351773,0.0257344651147,-0.00987721945868,-0.00832316635773
2023-03-21,0.0112696328604,0.0188891947246,0.00509103179894,-0.0119051400976,-0.00926877521307,-0.00639132433739,-0.00489580823396,-0.0195427058292,0.0306221729087,0.0140903828756
2023-03-22,-0.00231348851683,0.00910893262466,-0.000575064126729,0.00792065912032,-0.00104325680083,-0.00226317691889,0.00212005611571,0.00556795069406,0.00303548222766,0.00248736074188
2023-03-23,-0.00806013711096,-0.00553727959037,-0.0170167786425,-0.00196643356979,-0.0106375905577,-0.0144833051334,0.00764789914347,0.0035270341134,-0.0127312149873,-0.00330276211776
2023-03-24,-0.00160061786905,-0.00357165303429,-0.0145371099587,-0.00132879942133,0.00442807395296,-0.0133637814138,-0.00513609038648,-0.00173186947303,-0.0199956380835,-0.0185241277279
2023-03-27,0.00434775443505,-0.00435023028747,0.00945356306442,0.000576633531048,0.00599356817618,-0.000237858837263,0.00395300145207,0.00730971297905,0.0154252784071,-0.00562473636297
2023-03-28,0.00810127503442,0.00710327718117,-0.00402648551794,-0.002052015807,-0.00820505546624,-0.00993975032784,-0.00118420311171,-0.00650369470799,0.00465945328346,-0.00951589425266
2023-03-29,0.00479803659189,-0.00439686918502,0.0163969030264,0.00735455020654,0.00430969323157,0.0250415396263,0.00786899191477,0.0191682316083,-0.00593393563118,0.00647036399842
2023-03-31,0.0136052021059,0.030379891783,0.0139393018307,0.021120385165,0.0315871553851,0.0164908001613,0.00195753964815,0.0115888072369,0.042211858747,0.00776967571345
2023-04-03,0.000621083833219,0.00743877475551,0.00571147711469,-0.00184203383236,-0.0120474012414,0.0118165625173,-0.0120674168867,-0.00951658865451,0.000171470708602,0.00274562628062
2023-04-05,0.0264696197718,0.000904729317555,-0.00714463074052,0.0123607833675,0.00896144472851,0.0118136715555,0.0196010773522,0.0182273187324,-0.00240477119815,0.0395723561971
2023-04-06,0.00759022056005,-0.0109115853005,0.00885182548782,-0.00591299905037,-0.00115983675125,-0.0175670901549,0.0024553657905,-0.0067988715945,0.00668476457344,0.00728165036667
2023-04-10,-0.00475209918569,-0.00751394159251,-0.00256185510162,0.0131709233865,0.00400074138462,0.0102509769839,0.00309314861275,-0.0129871477264,-0.00711476005712,0.0154672696461
2023-04-11,0.00292009885774,0.0153687166311,0.0109601182148,-0.0153154846347,-0.01513926754,-0.0147027752179,0.0189923989421,0.00614183714194,0.0049343949566,-0.00355644317944
2023-04-12,0.0129026325754,0.00931126574411,-0.00735652440681,0.00862823907954,0.0156295016728,0.00687595697412,-0.0062060679704,-0.00740639573104,0.00439868830259,-0.0056643919246
2023-04-13,0.00447091852073,0.0098929468059,0.00895263909707,-0.0164219353736,-0.0277568520011,-0.020911537201,0.00519549888301,0.00286271184575,0.00376431758188,-0.0130851172654
2023-04-17,-0.0153614983962,0.00255517505631,0.0205216025913,-0.015596986613,-0.0989665422084,-0.0280523565386,0.0114359332808,0.00615176666505,0.00506031766104,-0.0200107864182
2023-04-18,-0.00423900939339,-0.0049495717959,0.00339495936553,-0.00279081287119,0.000834038811101,0.0205607118071,-0.00413213515332,-0.00424130622645,-0.0115127885665,0.00117365604197
2023-04-19,0.00366887422139,-0.00553447641214,-0.0102195914304,-0.0132310399984,-0.0217945996165,-0.0239246088641,0.000627140998748,-0.00372586683734,0.00496541695222,0.0013525002845
2023-04-20,0.00371515962442,0.00279906403299,0.0082942138178,0.00490767878173,-0.00716710565997,-0.00115576938319,0.00387984704367,-0.0155252383368,-0.00253292895553,0.00590696413301
2023-04-21,0.00161370341729,-0.0098312654978,-0.00303325005408,0.0178917579831,0.00322348458213,0.0109754667831,0.0196652134013,0.00214404124102,0.00125663056142,-0.00789128830801
2023-04-24,0.00805886483476,0.0213367423698,0.0208615819774,0.00440353160926,-0.000855904323071,0.00485038694149,0.00110166821911,0.000720435545879,0.00382424659694,0.0061655104854
2023-04-25,-0.0143187365359,0.00957009902205,0.0128986648835,0.000377941833457,-0.00114234651436,-0.000569469279252,0.0069491590842,-0.00372748343333,0.00762547395901,0.00851046690312
2023-04-26,0.00458639430271,0.0016407262463,0.00806634168016,0.00694995556833,0.00216132380608,0.0114206975708,0.00169952518713,0.00813813697942,-0.0058883222351,0.0124666267804
2023-04-27,0.00548806298563,0.00370907070541,-0.00282889990695,-0.00319415717331,0.0151183689665,0.00533512873612,0.00905534635602,-0.0168085712185,0.00630916704738,0.0128557169166
2023-04-28,0.00391845264299,-0.000762379024949,0.0237096021419,0.00976996061531,0.00520233031968,0.0102486002097,0.0226971326679,-0.00472965473855,0.0181138314524,0.0251832017427
2023-05-02,-0.000207468967585,0.00483751525386,-0.00520131136206,4.68082312073e-05,0.0195246493318,0.00323701941513,-0.00258827783602,-0.00228146527333,0.00845419867879,0.00844430885165
2023-05-03,0.00349082167544,0.000812969874145,-0.00837843735515,-0.012345411997,-0.00651830788476,-0.00808855847056,0.00634099538567,0.013893246822,-0.00861936048279,-0.0118758123455
2023-05-04,0.0202582077943,-0.00124680139076,0.0165149862584,0.0127490315727,0.00346073327263,0.0073857013901,-0.00598759920123,0.00831200668347,0.0114624786164,0.000254537837874
2023-05-05,-0.060941164367,0.00567989120619,-0.00605277679915,0.00310026561348,-0.0114111078642,-0.01060158652,0.00972637128359,-0.00239644113211,-0.00255636290022,0.0087021628128
2023-05-08,0.011498127838,0.0117436458005,0.0122404902179,0.00614071772772,0.00514915764104,0.0189560314621,0.00627759986699,0.00619893911651,0.0122720206369,-0.00510231326578
2023-05-09,3.05021257856e-05,-0.00373866818235,-0.0174578555033,0.00999406979938,0.00402169117027,0.00301675264273,-0.0178899668674,-0.000198528538601,0.00309006821266,0.00377667168932
2023-05-10,0.00461070875152,0.00176415073596,-0.00226930498149,0.00108075269868,-0.00588015420788,-0.000648802739474,0.00365059294357,0.00273863590913,0.00685281326992,-0.00417831595876
2023-05-11,0.000665698780544,0.00335964210602,0.0021821235852,-0.00141576534266,-0.00567609279236,0.00904725622805,-0.0117055635383,0.0272545209027,-0.00655025554998,-0.0531102914496
2023-05-12,0.008792533344,0.00499176568921,0.0081626903026,-0.00239467069594,-0.00871570861014,0.00677784739621,0.000118889866453,0.011887085548,0.00163134503609,-0.00943246784358
2023-05-15,0.00478531000034,0.00195804548724,0.00646524182298,-0.00589639218385,0.0105053175046,0.00387186500358,0.017330264626,0.0147004735627,0.00197042546825,0.0115266282742
2023-05-16,-0.00575035758003,0.000634168868097,0.00753289232599,0.00095178395634,0.00471736339429,-0.00826317980792,-0.00904033152593,0.00511407647551,-0.0143435726043,-0.00878416818761
2023-05-17,-0.0053870289396,-0.00742429426925,0,-0.0152935594901,-0.0138582332675,-0.0149176205401,0.00857260612097,-0.00530201390777,-0.00592673761142,-0.00341813906831
2023-05-18,0.00398971152565,0.00758284030577,-0.0208537864806,-0.00276216295925,-0.000721987900242,0.00496635636471,-0.0186479793794,-0.0129317485199,-0.00215450461953,-0.0142476487438
2023-05-19,0.00115436176242,0.00820710430913,0.00165310230892,0.00716220574566,0.0182119657217,0.014205556871,0.000357395096656,0.00527584725745,0.00324024986337,0.00084508871685
2023-05-22,-0.00355852102378,-0.0041478611867,0.00347141027716,0.0232624777403,0.0186599256185,0.022120781659,0.0116032216762,-0.00126879532117,0.00532981271896,0.0120500597425
2023-05-23,-0.00234882563713,0.00320432050655,0.00768062084365,-0.000500165618017,0.00559249461075,-0.0112249236208,0.0103057417291,-0.00372178793203,-0.000183197546212,-0.00858599569036
2023-05-24,-0.013157181629,-0.0134634159003,0.00188963567004,0.00190899678688,-0.00107761241804,0.00414558953052,0.0100853185687,-0.00509243771502,-0.00584301204056,-0.00570405615862
2023-05-25,-0.0038445243738,-0.000850930945334,-0.00249167407631,-0.00298646985739,0.00437950216109,0.00363550646916,0.0174931414516,-0.0067916166994,-0.000122866204428,0.00890689623526
2023-05-26,0.0038445243738,0.0114782387133,0.00813880229648,0.010691146969,0.00999321461611,0.0205751841806,0.00553820360583,0.0209927884629,0.0269098800312,0.00621742126301
2023-05-29,0.0121183623896,-0.00268570481704,0.0152417282702,-0.00257160317712,-0.00231769882336,-0.0114769991887,0.0123225210488,-0.000773154564517,0.00560950654441,0.00274584582456
2023-05-30,0.000763988496336,0.00189655964328,-0.00370439317993,-0.0012508392126,0.00716376380184,0.00853210353511,0.0239927363909,0.00235553417864,-0.000257848017205,-0.00620020491198
2023-05-31,-0.0159505190736,-0.000842463978146,-0.00284153639391,-0.00808401933684,-0.00420107444855,0.00811074429912,-0.00982818610847,0.00413210441525,-0.0200614396754,-0.0023322064591
2023-06-01,-0.00426154126576,-0.0138445815126,0.00498905050219,0.0104336564443,0.000909770225155,-0.00279842782827,-0.0131044959638,0.0113132852954,-0.0026960453082,0.000974318897239
2023-06-02,0.00155736601115,0.00218755963843,0.00760706837064,-0.00555111562579,-0.00230655357776,-0.00425632035137,0.00837960487472,0.00694419296802,-0.00327345800544,0.012043432338
2023-06-05,-0.00130807208115,0.00912522983455,0,-0.00506497371548,0.00422483155455,0.0010987150624,-0.00622130808019,-0.00772284685796,0.00894083637612,0.0149906884477
2023-06-06,-0.00312116800119,-0.00492367589415,-0.00315560022634,-0.0173589523803,-0.0197411163428,-0.00855786838568,0.00486728594089,-0.00172642659988,0.000847457034776,0.00424526557877
2023-06-07,0.00517593100444,-0.00201876927562,0.00655572101002,0.0130932321827,0.00774914833199,0.000398412494119,0.00259370069329,0.00926510314506,0.00755388923731,0.0163498301334
2023-06-08,0.000621724359006,-0.00244925987609,-0.00118866744878,-0.01181028068,-0.00478255549806,-0.00203903893755,-0.00236794311788,-0.0134543305845,0.000600305675091,0.0106535032355
2023-06-09,0.00118055277759,0.000159772617491,-0.0167926539896,-0.00842414103739,-0.0132222602257,-0.0152025161204,-0.0100982219981,-0.0164409040889,-0.00710611107803,0.00965275096287
2023-06-12,-0.00610332417317,-0.00224116466845,-8.63101952312e-05,0.0116476677333,0.0203298527694,0.0265862056475,-0.0034270234622,0.00274630767908,0.000885974670903,-0.00980243025006
2023-06-13,0.00168514613911,0.0080873500695,-0.00389616150389,-0.000985775856386,0.00993535277609,-0.00735386305427,0.0191539612204,0.0122008993893,0.0146656592844,0.00615625885843
2023-06-14,-0.00109194176278,-0.00398217608438,0.000260254160764,0.00226321210489,-0.00341607577608,0.0040139571744,-0.00202270897421,0.0085029078402,0.0122224722342,0.000276175373592
2023-06-15,-0.0123752115575,-0.0141451441068,-0.0175850087263,-0.00333687457587,-0.0105133608626,0.00679989189059,0.0080664823811,-0.00335904998293,0.000274306147189,0.00265026720971
2023-06-16,0.0129993242719,0.00816855587844,0.00834983341199,-0.0129555609237,0.00376183365628,0.00401444595994,0.0110964521725,0.00960173512053,0.00968818741506,0.00232653768072
2023-06-19,0.000873215189013,-0.0118987896908,-0.00421021455837,0.0111195042599,0.00181771301606,-0.00931872301804,0.00110272266632,-0.00386841653007,-0.00998217997451,-0.000190125540209
2023-06-20,0.00208617107008,0.00259643236402,-0.0025520867038,0.00537446071766,0.00723799034069,0.0269725622496,-0.00165473661102,-0.00266821351835,0.00207483561806,0.0065918794282
2023-06-21,0.017329545926,-0.000918840204267,-0.00185240397023,0.00940493386149,-0.0031121054413,0.00153898698876,-0.0128904251504,0.000186767386419,0.00281169661838,0.0052130329524
2023-06-22,0.00487925035881,0.00113491125061,-0.00602139701559,-0.00606448536394,-0.0137936347961,-0.00604154299076,0.00134123779704,-0.00834743317464,-0.0112947457011,0.00906322405647
2023-06-23,-6.08119308231e-05,-0.002433512301,-0.014943672625,-0.00686307223276,-0.0129982533444,0.00150310568301,-0.00649943248388,-0.00481497813495,-0.00821724899915,-0.0111118053992
2023-06-26,-0.00484907059763,0.00426819965566,0.00440782386899,-0.00833620076496,0.00422037641698,0.00201487816822,0.00213373635842,0.00396690742051,-0.00766443570787,-0.0050344853785
2023-06-27,0.0139948105462,0.00928332079292,0.0161157506153,0.00241129650822,0.00690325902025,0.00213924167941,-0.0013471099882,-0.000282850141,0.000360774049363,0.00440666528393
2023-06-28,0.0105255976817,0.0014411423795,0.0065147364637,0.00564482921415,0.011039853745,0.000213435821215,0.00950313426788,0.00372705934298,0.0131518635704,0.0138894080825
2023-06-30,0.014951938768,-0.00304476884264,0.00533842054084,0.0266369301103,0.0320700849025,0.0150117267038,0.00499483923773,0.00633020641778,0.0081697389868,0.0220959906468
2023-07-03,0.0107565750765,0.00847024686309,0.0217570043021,-0.0091110545316,-0.00134881257391,-0.00535953517006,0.0254699384419,0.0085143372465,0.0253403847132,-0.00872288444947
2023-07-04,0.00487242711339,0.00227850216944,0.00646962758529,0.0111076104546,0.00854842281799,0.00758760055592,0.00666953894198,-0.000388662152956,-0.0103566205276,0.00317348189515
2023-07-05,-0.0322828087222,0.0139804277802,0.00228844851186,0.00334917459231,0.00159730256737,0.00352138980813,0.0185888660827,0.0204740076981,-0.00164304301869,0.00362877213517
2023-07-06,0.00101551640916,0.00146029031745,0.00321200160314,0.000887994798792,-0.00252679744875,-0.0119134787389,-0.00252891562865,0.000453533648546,0.0207732821201,0.00717832647261
2023-07-07,-0.00875461440218,-0.0136427334182,0.00185464667446,0.00190914836575,-0.0102465695549,-0.0197163027202,-0.0116736989157,-0.0216315565316,-0.00195364878755,-0.0158975505527
2023-07-10,-0.00238183431507,0.00211103995306,-0.0016859595413,-0.017360865315,-0.000789620562513,-0.0290103008071,-0.00545888588275,-0.0155194295601,0.0377978426414,-0.00433711801149
2023-07-11,-0.00487154660871,-0.00364440051002,-0.00685770375385,0.000137547077879,0.0145273492629,-0.00857371484034,0.0155487117233,0.0104660096948,0.0107824681633,0.0145730112252
2023-07-12,-0.00941702791004,-0.000582212101996,0.00118856650569,-0.0038272660882,-0.0114099362542,-0.0039092501078,-0.00179811916855,-0.00404981591639,0.00110255195155,-0.00795219009587
2023-07-13,0.00497858558852,0.0118941869085,-0.00612811010072,0.02443900179,0.0235704606525,-0.00157706370303,-0.000635318846031,-0.00711293750065,-0.00898244238188,-0.00195715512581
2023-07-14,0.00206971441623,0.00454136814169,-0.00213675871666,0.0508043904673,0.043610778911,0.0373090403546,0.00190489729245,0.00832770326424,-0.000838894660029,0.00897936829022
2023-07-17,0.0207023693206,0.00896956629319,0.028175723017,-0.00655113470774,-0.00210622295078,0.00242995393518,-0.00116374374788,0.00179153345049,0.0202268924623,-0.00139643491417
2023-07-18,-0.000834168645482,0.00694387553452,-0.0146636513457,0.00147395028113,0.0360615181882,0.0115900979357,0.000317512152338,0.000410100068814,0.00845617897342,0.00238688320449
2023-07-19,0.00452021883488,-0.00205237457224,0.0152458641611,-0.00769365352283,-0.000169555307956,0.00158417040036,0.0133497584024,-0.00418346426718,0.00755884377074,0.00782887830056
2023-07-20,0.0021636978087,0.0224991459549,0.0141973752965,0.000649932130488,-0.0174053134219,-0.00280818592005,0.0273960785158,0.0117772335583,-0.00121177184199,-0.00178577046789
2023-07-21,-0.00772766398185,0.00140517952871,0.00824390151388,-0.0278136677114,-0.0848377344075,-0.0355350482148,-0.00346012993424,-0.0374060814056,-0.0314452246988,0.0380466365213
2023-07-24,0.001580062207,-0.00502762753781,0.00413719357638,0.0078218292759,0.0037480427925,-0.00228853096101,-0.0397224968043,-0.00916246407916,-0.0204338591392,0.00731987024632
2023-07-25,0.0107853636369,0.00271800205406,-0.0131190537198,0.00129533359819,-0.00149749158506,-0.00121375704467,-0.0193868719187,-0.00470045934187,-0.000643377462539,-0.0171699382671
2023-07-26,-0.00348373056181,0.00175781708546,0.00906326546539,-0.00319713721197,0.0106207933321,0.00309883173098,0.0212943937018,0.00588173478405,0.0161215503579,0.0327848995208
2023-07-27,-0.0104344657394,-0.00624152849545,0.00227321330687,0.00253493525402,0.00318281938983,0.00210543298065,-0.0153634971146,-0.00522004986188,-0.00934602186154,0.00525771055332
2023-07-28,-0.0178799459234,0.00599064609301,-0.000811246399368,-0.0122923052565,-0.00939261691051,-0.0124275682267,0.00728442747927,0.00572326966398,0.00999902603008,-0.00401152462092
2023-07-31,0.00467404771101,0.00210569861243,0.00671386513909,0.0194934168196,0.0112753668117,0.0118456551519,-0.00588772340297,-0.00925103486144,0.0084300511949,0.011930525891
2023-08-01,0.00666992198653,-0.00376336929114,-0.0135548434969,0.00890401257016,0.00698293779732,0.0193337110381,-0.00193452961559,-0.00379502108015,-0.0142423798364,-0.00549743629405
2023-08-02,-0.0131710595991,-0.00767097579632,-0.0221442386057,-0.00330795245114,-0.00613519904675,-0.00669789271769,-0.010163291967,0.00697243050906,-0.0107410057243,-0.00551453129758
2023-08-03,-0.00724963478131,-0.0224913746809,-0.0133733090047,-0.0118997063053,0.0054757901146,-0.00478635241172,-0.00884144456586,-0.00689411956565,-0.00421187486157,-0.00921412155424
2023-08-04,0.0143561998797,0.00568337898965,-0.029560539717,0.0127422856501,0.0102456486066,0.0166094586828,-0.00241491476953,-0.00207959895006,0.013499617625,0.011023985311
2023-08-07,-0.000575085640951,0.00529246560688,-0.00946365300571,0.0116923405848,0.0105725867537,0.00562040827789,-0.000109882672501,0.00907120277305,0.00568204367421,0.00342014327588
2023-08-08,-0.000817853234606,0.00434669578091,0.00911477727182,-0.00386774167021,-0.00201218068831,-0.00824546307118,-0.00562134491397,-0.00130480274844,-0.0060409699785,-0.0014046866319
2023-08-09,0.000363478503212,0.000822790598327,0.00113354180651,-0.00233675737158,0.00301670662674,0.00245020931674,0.013831081626,-0.0053341232618,0.00657567693074,0.00734337356417
2023-08-10,-0.00891569613423,-0.00888074277449,-0.000174342002609,-0.00590904247293,-0.0038082635237,-0.00864616071097,-0.0151583745411,-0.0060917695099,0.00444503547662,-0.0030595127039
2023-08-11,-0.0104773916567,-0.011737568994,0.000871293974797,0.00194464665014,-0.0124957571564,0.0322263964595,-0.0066629402564,-0.0138534089155,0.00420966668169,-0.00189315036283
2023-08-14,-0.00489206064745,0.00700702293854,-0.0235264004499,0.000304317667446,0.0156942434051,-0.000383989733069,0.00100220833142,0.012433320113,0.0117479753445,0.00807789489636
2023-08-16,-0.00292193801279,-0.00318368177428,0.00808068696068,0.00247520464216,0.0177454548358,0.0052379416083,0.00233477165102,0.00766860909184,-0.000815232083037,0.0116428995442
2023-08-17,-0.00555638255787,-0.0050834478124,0.0119561986653,-0.00657055152647,-0.0049114822803,-0.000382246800862,-0.0207581487178,-0.00366972814449,-0.0145314152449,-0.0144287521093
2023-08-18,-0.00410918091912,-0.00105142383351,0.00139719998607,-0.0201834405752,-0.0162482710827,-0.00255291136362,0.00147281755501,0.00451169112465,0.00738016404864,-0.00398543567099
2023-08-21,-0.000786169802348,0.00477479385931,-0.00218406121379,0.0102086272823,0.0118818223675,0.004717668626,0.0138290532555,0.0031264299286,-0.0109714387508,0.00765441374151
2023-08-22,-0.00428708919171,-0.00335563927236,-0.00561305774279,-0.00574901545677,-0.00117481425271,0.000212047614153,0.0143009100821,0.00118963934339,-0.000238092577599,0.00619730350609
2023-08-23,0.00246102606571,0.0154782346957,0.0146676369149,0.00474906654077,0.00298772586989,0.00254002453196,-0.00840055745616,0.00320998538191,0.00111084260051,0.0143802009109
2023-08-24,-0.0046115633151,0.00216967696939,8.66837166611e-05,-0.00309472332359,0.0110538848519,-0.00955910017133,0.000998506819495,0.00279327549923,-0.0169537213731,-0.0108959668631
2023-08-25,-0.0113348643414,0.00149539372941,-0.0122068263311,-0.00190549944997,-0.00246150230549,-0.0148807299347,-0.0168860292151,-0.0068807135053,-0.0046279636876,-0.0186804822569
2023-08-28,0.0103528855782,0.000154579461997,0.00507503919214,-0.00170217368273,-0.00313849913468,-0.00652083956438,-0.00440805172457,-0.00306689686199,-0.0100161695747,0.021355381575
2023-08-29,0.0079229180631,-0.00288919364516,0.00348514641167,0.000177884653601,0.00141181637606,0.00963555612815,-0.00294956017877,-0.0116298997248,-0.00962155260278,0.0087176879671
2023-08-30,-0.00732096917484,-0.00918690584308,-0.0130444042897,0.00437399039286,0.012268869095,0.0111252523596,0.0061163348955,0.00229346366584,-0.000950773955449,-0.00366619957761
2023-08-31,-0.0046030541864,-0.000156522892822,-0.0107201294748,-0.0101219484035,0.000208843074615,0.00140878097611,-0.00702558273542,-0.0106810213409,-0.00458032360932,-0.00232823581258
2023-09-01,0.00206614800008,0.0103246210155,0.0145021454232,0.00665085738111,0.00583480056776,0.0115780116272,0.00306558521299,-9.97744242136e-05,0.00234460613704,-0.0002219755218
2023-09-04,0.0062357898583,-0.00139460725869,0.0104794880511,0.0115627994261,0.0146104035253,0.038627056835,-0.00808160518932,-0.00135841738236,-0.00080856385363,0.00332511773249
2023-09-05,-0.00610877539061,0.00108489846034,-0.00444037935436,0.00316893753067,0.00937499032898,0.00247130192307,0.0127188028342,0.00225633830104,0.0053369987174,0.00802706117005
2023-09-06,0.012995315297,-0.0113195263812,-0.00437263346622,0.000160335002868,-0.000980886500077,0.000242858661123,0.00976936510672,0.00654005602918,0.0021019246824,-0.000915100198379
2023-09-07,0.00957488130889,0.00847573741552,0.0148758335832,0.00736357182899,-0.00764368401128,0.0145795834784,-0.00346991741591,-0.00638068868214,0.00135795746767,0.0415885433541
2023-09-08,0.00776066789547,0.00506149912966,0.00756989048983,-0.00387093815067,0.00231627414298,0.00639889777087,-0.00731554040708,0.00252936231887,0.0066390416441,0.0192073670319
2023-09-11,0.00516109236947,0.00790230076893,0.0140409486909,0.0111953820348,0.00465014037312,0.0153330603118,0.0102266305493,0.00889107923535,0.0107258141927,-0.00255367082831
2023-09-12,0.0031204293699,0.0124445783836,-0.00567767510084,0.0283671691231,0.0165577152184,0.000663154057612,0.0087939688471,-0.0148558622977,-0.0145522315239,0.0170946154697
2023-09-13,0.00426726978746,-0.000706868212896,0.0136733138006,-0.00362294678947,-0.00183346924941,-0.00559123545958,0.00519528318337,0.00307655070908,0.00498991099935,-0.012767712412
2023-09-14,-0.000608562740531,-0.00212392425688,0.00142415298583,-0.0021886471191,0.00572303989054,0.0065263207866,-0.00785886587714,-0.0022966811258,0.000917534052285,0.00406855989966
2023-09-15,0.0114083916741,0.00479763690756,0.00250800815401,0.0106867977357,0.00308107696135,0.0162279704194,-0.00356217217851,-0.0125140246983,0.0018529539129,-0.00344946827821
2023-09-18,-0.019874257184,-0.00226973580186,0.00856386689236,0.00217922242944,-0.0131852694345,0.000306347046661,0.00821852104972,0.00764361837712,-0.00874502832617,0.00387762623311
2023-09-20,-0.0409421843907,-0.00308498415401,-0.00473008670993,-2.78534866283e-05,-0.00103947554861,-0.00892833941539,0.00198895994363,-0.00879816634641,-0.0225385567259,-0.0102757906442
2023-09-21,-0.00664102836155,-0.0286181110655,-0.021779205067,-0.00577063439835,0.00768707931426,-0.0119782134158,-0.0121051555945,0.00263144265182,-0.0073100088489,0.00323010496248
2023-09-22,-0.0153748814933,-0.009426119269,0.0168594366468,0.00510489093077,-0.00373588396661,-0.00337035612542,-0.00988107720669,0.00367246684762,-0.00417397070805,0.00658324310995
2023-09-25,0.00088211860451,0.00634614322986,-0.00687814677114,-0.00738073384239,-0.01481359332,-0.00807986339639,-0.0011291092171,-0.00266207795103,-0.00617635010659,-0.00549736440874
2023-09-26,0.00433412642129,-0.00803123954942,0.000589011935177,0.00238729934022,-0.00920010051687,-0.00158420724145,-0.000338965446782,0.00125117832642,0.000875543280261,0.00345647355844
2023-09-27,-0.0070485283087,-0.00592029956308,-0.00785371406131,0.0010035193451,0.00433801387149,-0.000277698779916,0.0150295382726,0.00915550685558,0.0112070908434,0.0178650359787
2023-09-28,-0.00206512002655,-0.000530406137317,0.000339137089475,-0.0147489380379,-0.0189583023566,-0.0153418656258,-0.0188790907164,-0.0166869021461,-0.0147992971489,0.0150461408052
2023-09-29,0.00170494216511,0.00981806356621,0.014472135256,-0.00230712022125,-0.00278286929017,-0.00573348404962,0.00824708647273,0.00213147538925,0.00465898012676,0.00449153069565
2023-10-03,-0.0120290616699,-0.0122610030291,0.00732428200413,-0.00418882488145,-0.00101059222513,0.00315337352122,-0.0105184803836,0.00133751073905,-0.0115160376816,0.0163039656733
2023-10-04,0.0141560972525,-0.0109606656893,-0.028087938198,0.00677868986714,0.00719177711272,0.000686086667745,-0.00833490011162,0.0156531742454,-0.00172692158091,-0.0149158108977
2023-10-05,0.00404532366015,0.0115453640032,0.010013695844,0.0144801477918,0.0131371033386,-0.0033132439861,-0.000114795585714,0.00465442601746,-2.15680322259e-05,0.0223072666754
2023-10-06,-0.00110748043926,0.00461290215246,0.00354007283078,0.00888948430339,0.0103668032404,0.00181948485251,0.0138923662706,-0.00802973293321,0.00168378917533,-0.000759259210218
2023-10-09,-0.0116711678667,-0.00700713543691,-0.0155173784402,0.00466970101233,-0.00220050871981,0.00956890120599,-0.00385216942471,0.00474999309559,-0.00855666551766,-0.00616049063366
2023-10-10,0.00565582572649,0.0133349296559,0.0111326170743,-0.00260075447688,0.0132637364673,0.00971585008091,0.00892797923506,0.00194910480487,0.00440657082719,0.000422730926322
2023-10-11,0.00962653200602,0.00199538427603,-0.00559326126581,-0.00524956449455,-0.000501872337222,-0.0129220903589,0.00862620010064,0.0158503224854,0.0157521166444,0.00412024535636
2023-10-12,0.00663557195215,0.00120587708252,-0.00391702391202,-0.0188331173235,-0.01952827272,-0.0176973392793,0.00545081520515,0.000234730726946,0.00185311675307,-0.00225271436521
2023-10-13,-0.0091392813787,-0.00309616950006,-0.0170370381655,0.00795689133373,-0.0237182361798,0.0259326732842,-0.005227722863,0.0048571136863,-4.23841361093e-05,0.00254415425814
2023-10-16,-0.00401256867184,0.000105146569534,-0.000868156246569,-0.0131929227223,0.00209416765826,0.0116762311872,0.00133735150375,-0.00434882041098,-0.00223723326786,0.0039730404319
2023-10-17,0.00755500303064,0.00262422494944,0.00138871081062,-0.00483557814349,0.00577058933569,0.005102002354,0.00997337412345,-0.000840693068386,0.00476661635797,-0.011543132969
2023-10-18,-0.0140153682315,-0.010697616925,-0.00661376076614,-0.00566192710091,-0.00131803906067,-0.00604705494995,-0.00397748442164,-0.00309536382449,-0.0133570608347,-0.0067737511205
2023-10-19,-0.00316351456592,-0.00851287998255,-0.00253535517683,-0.00651864439062,-0.00480139859719,-0.00165553338129,-0.00277129525345,-5.88282846156e-05,-0.00771032802226,0.00288529205035
2023-10-20,0.00516828073489,-0.00321113183426,-0.0142821950545,0.0111941001278,-0.00447393414834,0.00258533806811,-0.0272326177491,-0.020999334956,-0.0030617559097,-0.0138626197013
2023-10-23,-0.0110603287523,-0.0030063881644,-0.0181897099555,-0.0244483989549,-0.0131178697701,-0.0175938236544,-0.00549077319091,-0.00467996323412,-0.0157380825264,-0.0181057909031
2023-10-25,-0.0063612499115,-0.0150053299803,0.00586037091295,-0.00589693893209,-0.0149240080071,-0.00620521873138,-0.0073682184038,-0.00249953969748,-0.00232233528752,-0.0143676958407
2023-10-26,-0.0223666009612,-0.0081654544354,-0.0166792060605,-0.0158620934085,-0.00776708870549,0.00227546611364,0.00380611270534,-0.000363447154626,-0.014026449395,-0.0178182990126
2023-10-27,0.00392153273814,0.00450200048686,0.0255395561862,0.00424648018653,0.0152568852209,0.0295163359136,-0.00138233563458,0.00227898662978,0.0174970826023,0.012936908057
2023-10-30,0.0107981294568,0.013223540366,0.00719146663467,0.00820291839487,-0.00239359592045,-0.00311836960378,-0.0076371099134,-0.00126984144049,0.0204012976063,0.00839033245801
2023-10-31,-0.00580773520131,-0.0103791260281,0.00061895403319,-0.00290472593462,-0.00630132825507,0.00885590108519,-0.00477388340543,0.00205519581435,-0.01069482726,0.000922106406332
2023-11-01,-0.00135553830732,-0.00142112739164,0.00150190613132,-0.011374619274,-0.0104682949549,-0.0134522966237,-0.000700445513622,-0.0047414767543,0.00414375318878,-0.0115894143565
2023-11-02,0.00152475435231,0.00643400615051,0.0100131115218,0.00880353378312,0.0117464169283,0.0114124444976,0.00709916543551,0.0131755670262,0.00987523063338,0.00784405580485
2023-11-03,0.00472903867489,0.0149429316844,0.0105197490428,-0.00274185624897,0.0136998913703,-0.00563071382647,0.00485881085179,0.00898707082859,-0.000215564824873,-0.00235019999258
2023-11-06,0.00721892393712,0.0123987609848,-0.00659447278414,0.00872068863696,0.0102065193742,0.00272091836615,0.00483548024907,-0.00473367491111,0.00828563789837,0.0218127553035
2023-11-07,-0.00486285039098,0.00279889227481,0.00935798327067,-0.00290334230542,0.000712325578683,0.003341731967,-0.00610579477467,-0.000380403764872,-0.00651967427747,-0.00476693777434
2023-11-08,0.00288709427208,-0.0131115741133,0.000948202591656,0.00328792768277,-0.00951609711008,-0.00495752501047,0.00977422357653,0.00913123436901,0.0051934742798,0.0117998533898
2023-11-09,-0.00396343339971,0.00170833000679,-0.00336588418838,-0.0101354712456,-0.0117146117461,-0.000118221326493,-0.00585302972397,-0.0170739669124,-0.0109116255957,0.00943337369497
2023-11-10,0.00392984280488,0.00133277386745,0.00198639312993,-0.00419097995726,-0.00433727262053,-0.00955249708903,0.00493714265924,0.00396914004389,0.00188086727876,0.00277302891767
2023-11-13,-0.00181188769566,-0.00443136198357,0.0031872938605,-0.000569984671557,0.00342769398019,0.0044110283988,-0.00126054268417,-0.00338399724767,-0.000129586746575,0.0050149175479
2023-11-15,0.0104237810556,0.00709126029835,0.00574595428981,0.0216015527817,0.026545529344,0.0123344441849,0.0135543545499,0.00332363218141,0.0179193560329,0.00538173414649
2023-11-16,0.00262216673701,-0.00543388944155,-8.5534703739e-05,0.0271092397536,0.0240959282411,0.0265886404486,-0.00749479692154,0.00192864110523,0.0018018759046,-0.00451275068973
2023-11-17,-0.00215704816407,-0.01523295959,-0.0376449497962,0.0013141950353,-0.00509991074311,-0.00145011035778,0.00136674262511,0.014980361353,-0.00218393442856,0.0187825691404
2023-11-20,6.6403655139e-05,-0.00043393597128,0.00124247646937,0.00488470805032,-0.000660989640142,0.012336343586,-0.00559321968427,-0.00887746064066,-0.00263548852815,-0.00651841945522
2023-11-21,0.00843499896883,0.00503361477275,-0.00399911485686,-0.00267444230694,0.00166919169304,0.000904920123212,-0.00125990222591,-0.000478879474197,0.0124994415877,-0.0045265984899
2023-11-22,-0.00356366632665,-0.00362382435372,-0.00455174073934,0.00566729581912,0.0129798853782,0.0023339613084,0.00787715655504,0.00662411990801,0.00390175838576,0.00242001164047
2023-11-23,0.00576817467303,0.000270875405099,0.00178748228585,-0.00622304061289,-0.005882145019,-0.000526471590856,0.00147708801646,-0.000793367509904,0.00305198020443,-0.0119618264439
2023-11-24,0.00707415146419,0.00690997608058,0.000714122248711,-0.0146871973559,-0.00821025590409,-0.0150487534267,-0.00580762560186,-0.00186697149836,-0.000668192790468,0.00281980637822
2023-11-28,-0.00225433201595,-0.0042050471528,0.00729018569872,0.00376765647971,0.00368032221597,0.00571251013791,-0.00584163292559,-0.001850330273,0.000208884011101,-0.0013924645257
2023-11-29,0.0197558309773,0.0151200737874,0.0073253800457,0.0124860253299,0.0116461717559,0.013053898295,0.00447027925648,0.00575893543699,0.00262775405398,0.0110048058412
2023-11-30,-0.000224552062154,-0.00496117982914,-0.00679403825947,-0.00747001141368,-0.00305331870328,0.00519650756494,-0.00320732087893,0.00808579687402,-0.00973185033863,0.00821897117503
2023-12-01,-0.00218354605748,0.0124892728089,0.0123186469182,0.00687214999953,-0.00196062226635,-0.00313714536553,0.0316195705463,0.00708531342779,0.00706250872767,0.0258591880233
2023-12-04,0.0341287250734,0.0459340026061,0.0393552707238,0.000227900290837,0.00826296530005,0.000934710579537,0.00940422213156,0.0149636094174,0.0107592352264,0.0377955259171
2023-12-05,0.00884590416461,0.0221993272661,0.0225289113469,0.00543736531034,-0.00712751000693,-0.0153646948019,-0.0050783128502,-0.015119549046,0.00722527547583,0.000573212341909
2023-12-06,0.00252207912333,-0.01011561228,0.000328717954845,0.020320926124,0.0138994108062,0.0090669390867,0.0251379184919,0.00171499918871,0.00953302431984,0.0229148399184
2023-12-07,0.00162656820732,-0.00424527355147,0.00532734130117,0.00299196374088,-0.00571391509722,-0.00116668725105,-0.0111793887331,-0.0194269205217,-0.00164704789496,-0.0108775516866
2023-12-08,0.0138567713997,0.0117920356627,0.00399718996498,0.00325909366624,0.0170782123279,0.0268207738487,-0.0197305509864,0.00160708250221,-0.000529294958717,0.00678646359865
2023-12-11,-0.00133163348624,0.00616385896549,0.000162741059338,0.00445693151361,-0.00177876868404,0.00817713024003,0.0073203060657,-0.00742168328956,0.00146498458787,0.00217307867729
2023-12-12,-0.00998314828999,-0.00137734795002,-0.00301632062585,0.00798372953832,-0.00839934012877,0,0.00143572911804,-0.000359462974198,-0.0144574989032,-0.0129010452347
2023-12-13,-0.00226601892212,-0.00177374740144,0.0120918626156,-0.0216231478094,-0.0184958402145,-0.00444540989871,0.00561198765759,0.00364929923103,0.00407573484094,0.0170275297644
2023-12-14,0.0117342340426,0.0192920050709,0.00611177911523,0.0203015221065,0.035557569108,0.0326202977173,0.00971887822322,0.00177001293609,0.0123314434948,0.0097469996114
2023-12-15,0.00387098118171,0.00362130677283,0.0386870478088,0.0514839619202,0.0499804327966,0.0528013233119,-0.00413797651037,0.00259953139375,0.0126823363239,0.0158648169073
2023-12-18,-0.000513361476941,-0.0154943976702,0.000385656486122,-0.000466263860143,-0.00894123835857,0.00867938690263,-0.0143983951495,0.00498197540814,0.0101263959843,0.00103163609042
2023-12-19,-0.00169251752187,-0.0058913171169,0.010583675299,-0.011204738829,-0.0038749052833,-0.0106930446564,0.00980453270043,0.00988990280736,0.0146092552541,0.00210280288709
2023-12-20,0.00247734829333,-0.00870393190832,-0.0293398596718,-0.00951795651164,-0.0141536135929,-0.0330261557971,-0.0112446382635,-0.00125053999904,-0.012172643632,-0.0232610208959
2023-12-21,0.0177651883994,-0.00223755821902,0.0114046581814,0.00196897580913,-0.000260321312513,-0.0125087399664,0.000997289703583,-0.0016828198547,0.0139107033801,0.00165135807621
2023-12-22,-0.00944145397468,-0.0101067401831,-0.0109334115798,0.00959084739227,0.0173614619961,0.0281841835312,0.00827229482347,0.00873514277355,0.000975116584337,0.0155898226055
2023-12-26,0.00691867586581,0.000804261952211,0.0020395399847,-0.00746764039052,-0.0121990111416,-0.00311549276192,0.00274226835571,0.00354626239469,0.00505537339619,0.00347306698645
2023-12-27,0.0123164857397,0.00715958886968,0.0163225112391,0.00411476039689,0.0148827201044,0.0094877453142,0.00142307849379,0.00906986445501,0.00340759058727,0.0153399360903
2023-12-28,0.00114410407548,0.00363517172903,0.00438477581609,-0.00296938457655,-0.00284373840583,0.000271429278346,0.0151977993184,0.00972907547049,0.00720291069448,-0.00734924560091
2023-12-29,0.00234298862844,-0.00928847926386,-0.0144577128918,-0.00171200639309,-0.0127192228319,-0.0043217475619,-0.00431879889451,0.011382252692,-0.0079376962481,0.00225729326154
2024-01-01,-0.00654470208088,0.00280561060062,-0.00109086990345,0.00465524429328,0.00546171979532,0.011966957091,0.0127938166813,-0.00345949547313,0.00204821853267,-0.000156056463466
2024-01-02,0.000588711010835,-0.0173092410928,-0.00296688762091,-0.00734781387604,-0.0109861519543,-0.00961650276216,0.00490204303243,-0.0155453259593,0.00824692490192,-0.0250890425524
2024-01-03,-0.0155400528399,0.00183084872904,0.00623583366106,-0.0244695184766,-0.0293632063229,-0.02187676606,0.0145633538058,-0.002777703929,-0.0109335742456,0.000654290539042
2024-01-04,0.0106727904377,0.00314526036921,-0.00108839493363,-0.00678129773389,0.0151199511151,-0.0124579284638,-0.00178258330226,-0.0053855608478,0.00515430684967,0.00531946968128
2024-01-05,-0.00512892652757,0.0066134198263,-0.00124547560577,0.0192045824834,0.0130369460265,0.00900913742681,-0.00515600433826,0.0105515283165,0.00424650256145,0.0181077979251
2024-01-08,-0.011208756259,-0.0118440628594,-0.0235638181537,-0.016073250077,-0.00638231225196,0.0104834996065,-0.0179897886106,-0.0160824773904,-0.00783428797241,-0.00592326209554
2024-01-09,-0.00781553494687,-0.00229391711518,-0.00255498904454,0.00314863639004,0.00425933986545,0.00859612715908,-0.00204296176327,0.000581496442004,-0.00265107618264,0.0155449613508
2024-01-10,0.00329655451489,0.0134835983323,-0.00585349940537,0.00625423159288,-0.00616563642624,0.021474239499,-0.0026943892676,-0.000911443302621,0.0266142245699,-0.00294313903971
2024-01-11,-0.00420569188659,-0.00191509688955,-0.00249605642153,0.00604151650012,-0.0170535491999,-0.00490452674637,-0.00140394443689,-0.0161141423142,0.0259610251535,-0.0115313267581
2024-01-12,-0.00474142795833,0.0123832876162,0.021375792276,0.0386615058291,0.0763499017752,0.0370218263649,0.00871586316224,0.00307089909655,0.00792856116186,0.0180816101575
2024-01-15,0.0190711696037,0.00630792552114,0.0102065916831,0.00539375951733,0.0241063086765,0.0302994468123,0.00192658519524,0.0114124145116,0.0169270325697,-0.00724143263447
2024-01-16,0.00378890689245,-0.000792572087773,-0.00501175003638,-0.0109463500613,-0.0125166630351,-0.0208364458901,0.0100010910715,-0.00159434305059,-0.0140858730416,0.00855750056068
2024-01-17,-0.0881300053324,-0.0274278878374,-0.0172622692565,0.00601602104057,0.0052876790506,0.0130615731195,-0.0121420721839,-0.00241646303352,-0.0095388702905,-0.00071382265648
2024-01-18,-0.0339687819993,0.00467456379417,0.00366729997586,0.00462294164976,0.00146214442166,-0.00531251299515,-0.00236017177725,-0.00583071774686,0.00467108571189,0.00699050605917
2024-01-19,-0.0104844127654,0.0129437337706,-0.000875731379978,0.0172541266322,0.0100552001813,0.0079397461038,0.0128069112414,0.0068056248499,-0.00036555975876,0.0138084467186
2024-01-23,-0.0298850372898,0.029436386876,-0.0367481922357,-0.0217408384168,-0.0103291793816,-0.0286601968909,-0.0262154509657,-0.0768852857404,-0.0288407235917,-0.0264013886307
2024-01-24,0.0198047183198,-0.029436386876,0.0215799353465,-0.0042727300832,0.0200456140985,0.0340350851323,0.00931851064971,0.0274448671205,0.0114503725103,0.0107000471066
2024-01-25,-0.0145289685119,0.0107011510039,-0.00901677880427,-0.00823312277258,-0.0037673459302,-0.0167275903178,-0.0172971409947,-0.00548255126984,0.00682242294627,0.0011834703524
2024-01-29,0.0136701251854,0.00636618834709,0.0165093064617,-0.00244382456343,-0.00751724757334,0.0155533452988,-0.0129219108951,0.00660819213645,0.0678380926085,0.0313798934821
2024-01-30,-0.00714057654816,0.000491780137624,0.00608145746264,-0.000118246941088,-0.00311371525694,-0.00973259232978,-0.0264699923401,0.00581289557785,-0.0283138823275,-0.0203513091771
2024-01-31,0.0125567803168,0.0110023228443,0.0217013533544,0.00404392918075,0.00570595732362,0.0106529359485,0.00795813304125,0.00927097233374,0.0134075089376,-0.0431808230934
2024-02-01,0.00259477450325,-0.00292218574699,0.0111014253978,0.0099607582905,-0.00232065239523,0.000887902065845,0.00305284119685,-0.00320877261064,1.75791721707e-05,-0.0237734698516
2024-02-02,-0.0138715322611,-0.00112243102606,0.00308334989255,0.028683120234,0.0216698286746,0.0040176853839,-0.00634209247091,-0.00852584075851,0.0215308350726,-0.00648065244594
2024-02-05,-0.000899311289835,-0.00048836951922,-0.0103667747137,0.00176341158085,-0.00363838027452,-0.0180949212234,-0.00466888176719,-0.0135879639569,-0.01289399085,-0.0102116860365
2024-02-06,-0.000519300029878,0.00282937522131,0.0112898099199,0.0401321575539,0.0247329987275,0.0430377244841,-0.0152972845004,0.00282728260614,-0.0078310454404,0.0243877659851
2024-02-07,-0.00984678381466,-0.00414926342176,0.0377261478977,-0.0127991675444,-0.0208584057272,-0.00518672103205,0.00092681569437,-0.000371128570895,0.0100003033096,-0.00866699064163
2024-02-08,-0.0189908713805,-0.0326659271686,0.0353543179417,0.0123396499041,-0.000974541617092,0.0113569981889,-0.0256231369432,-0.00346918022862,0.00551464039618,-0.0175929389425
2024-02-09,0.000391902040827,0.0214008605725,0.0360790414568,-9.67167985031e-05,-0.0135360178648,-0.00196052890143,0.00228910450336,0.00293302698663,0.00730025386922,-0.00328813842813
2024-02-12,-0.00973661183423,-0.0145508345782,-0.0242134797227,-0.0031497188415,0.00641892417753,0.0220476061689,-0.0210381722035,-0.0160092456978,-0.0057670803745,-0.00754824455239
2024-02-13,0.00319620226067,0.023514165438,0.00780953689165,0.0069646958353,0.00264512632861,-0.000810259898978,-0.000245771261234,0.00349397017069,0.00874052794989,0.00663033331507
2024-02-14,-0.00748600919611,0.00283974851074,0.0411218954378,-0.0119765184355,-0.010952855444,0.00353596956174,0.0117317936115,-0.00253036355036,0.0110471980614,-0.00377042828918
2024-02-15,0.021443974576,-0.00593332096394,0.024318501795,0.000755755996654,0.00607320931279,-0.00536876988655,-0.0187631318777,-0.0156580487422,-0.00730022779284,-0.00263275362316
2024-02-16,0.00412850875543,0.006470922162,-0.00923252000518,0.00609845324946,0.0149795705097,0.00294289095247,0.00173151126167,0.0103255129179,-0.00684026727366,0.0258573934436
2024-02-19,-0.00197395795704,0.0198362329856,0.00601079530285,-0.00595227095562,-0.00111729344535,0.00466683700374,0.0114272578693,0.00499746426378,0.00914967103977,-0.0139446980128
2024-02-20,0.0259122140072,0.00477891732234,0.00111886901486,-0.0179856972116,-0.00856713649924,-0.00730910382785,-0.00772671990525,0.00707557497562,-0.00202037347165,0.00504729988772
2024-02-21,-0.0104721607814,0.00304648416409,0.0148867012554,-0.00976049212816,-0.0177805860884,-0.0162156788819,-0.00679481481175,0.00124703695602,-0.00226290056112,-0.0181423702931
2024-02-22,-0.0137125821252,0.0101673203413,-0.0072850070816,0.023668549605,0.0154635657566,0.0301585767293,0.027147737156,-0.00792457922236,0.0095272596412,0.0202254845279
2024-02-23,0.000739368116395,-0.00131820753967,-0.00898406845026,-0.00860042877463,-0.0026799482764,-0.0123207144017,-0.00738635059826,0.0025091994204,0.0079822415664,0.00716861249241
2024-02-26,0.00119596131844,-0.00671240986435,-0.000197589602802,-0.0126784633766,-0.0100089137555,-0.00962126033256,-0.00536196648143,0.00423066761092,-0.0042268763642,0.0239727421541
2024-02-27,-0.00151279208012,0.00567537909502,-0.0119968381041,0.0255028220929,0.00207580783662,0.00544019436899,0.00475401093034,0.000436697979175,-0.00112672612746,0.0104062980613
2024-02-28,-0.00759848010587,-0.0132931253651,-0.00985030013771,0.00353869859428,0.00458799942365,-0.00416820410736,-0.00695591478129,0.0067331551914,-0.0204170244917,-0.0103918445886
2024-02-29,-0.00426615179183,0.00571877283753,0.00751382132577,-0.00580714754845,0.00158433636811,0.00720809215362,-0.00491043282226,-0.00382719511227,0.00354891490786,0.00211582889665
2024-03-01,0.0193008525074,0.0324463975788,0.0277492945145,-0.000183168037145,-0.0115364925759,-0.011941216303,0.00784514300533,-0.00107844408037,0.0212169874852,0.0438683586796
2024-03-04,0.00136199030459,0.00500171243448,0.00376330607442,-0.0033394426241,-0.0106322226206,-0.00374762714203,-0.000977251559424,0.00509146656143,0.0101849700816,0.00300904300335
2024-03-05,0.00567238901707,-0.00394414583416,0.0152960058221,-0.0169537854129,-0.0189296512414,-0.0114207218636,-0.00723702705831,-0.00918744982249,-0.00478791352647,-0.00877762015117
2024-03-06,0.00121389349799,0.00828309533781,-6.37943691344e-05,0.0129267820491,0.00685479507526,0.015229139419,0.00417692448794,0.000395926706142,0.00186473700799,0.00816005192681
2024-03-07,0.00242328715009,-0.00837520826878,0.00528006864669,0.0108407853341,-0.00068025491538,-0.00399149585934,0.0138789684469,0.00777943719462,-0.0161476058159,0.00949574687457
2024-03-11,-0.0127355300152,-0.00853850006974,-0.0183772997875,0.0033410666301,-0.00985390049238,0.000610460411169,-0.0100857093818,-0.0123509970017,-0.00836873192877,-0.00993513252959
2024-03-12,0.0219933827565,-0.00171648372266,-0.0182606208619,0.0168141676577,0.00768635434817,-0.00186305398301,-0.0121645413594,-0.00490775514148,0.00599928959514,-0.00521884094402
2024-03-13,0.000582245103801,0.00657168702804,-0.0165238728015,-0.0103701953749,-0.000961484496922,-0.00250982117894,0.0435428806713,-0.0279504298265,-0.0297517929157,-0.0232126417876
2024-03-14,-0.00339537937708,-0.000322901680204,-0.00833163647147,0.0140250574868,0.0256699309912,0.0288472731161,-0.00665004975348,0.00946813804644,-0.000488966701092,0.0194919919852
2024-03-15,-0.00192552146173,-0.00300392498157,-0.0124241538666,0.00276482223067,-0.0117423635783,-0.019209542419,-0.00131141865144,-0.0029598321434,-0.00929923651227,-0.0198876718916
2024-03-18,-0.00455384334926,0.000786631223317,-0.0012989182092,-0.0159466756097,-0.0193723239749,-0.00237032908559,-0.00394485821611,-0.0119933135188,0.0148723106688,0.00677627376772
2024-03-19,0.00227951385855,0.00254019543845,-0.00982996418004,-0.0431073538324,-0.0260437639905,-0.0272951481163,-0.0191058069274,-0.0144521246596,-0.00993116983161,-0.0168490454665
2024-03-20,-0.0127067012102,0.000507288767069,0.0170546807662,-0.00161049454296,-0.00417154291652,-0.00756388039945,0.0149049289335,-0.0110892363848,0.0128967292494,0.00228204025542
2024-03-21,0.0102196367958,-0.00249264185566,0.010874269817,0.000516129319524,-0.000160762507062,0.00546688451799,0.0132626679046,0.000178400199277,0.00499168251773,0.0142299878202
2024-03-22,-0.00200789809851,0.00782653092219,0.00321944425845,-0.0157412954498,-0.029934780693,-0.0240685500051,0.0172975989485,0.00631261840645,0.00278740059915,0.0161055231327
2024-03-26,-0.0121677666648,-0.00607194319815,-0.00894580261958,-0.00857684764955,-0.010794674965,0.0028203585837,-0.00221906114865,-0.00736127586051,-0.00928677299621,0.0143528030981
2024-03-27,0.0106765365926,4.61804229954e-05,-0.00916276498947,-0.00948401051985,-0.00591303058408,-0.0103265960193,0.000818130470794,-0.000133794358958,0.0349507182692,0.00984213454908
2024-03-28,0.0049852412723,0.00877346068548,0.0256466713211,0.00917442074845,0.00952421828242,-0.0017154286213,0.000817461680179,0.0109457709026,-0.00470006963333,0.0153945804344
2024-04-01,0.0154882349082,0.00579136788767,0.00787739983088,0.0103810083229,-0.00173708566651,0.00848322959187,-0.00385950641567,0.00947195171264,-0.000723631463665,0.0194957670164
2024-04-02,0.00654097438736,-0.01692043907,0.0106253222131,-0.00844798441443,-0.00846125718476,-0.0184121731351,-0.00199398437004,0.000350022591162,0.00146368903143,-0.00800484881597
2024-04-03,0.00145151341111,-0.00370656617752,0.00604886426504,0.0162177163959,-0.00148478299318,0.00492798813512,-0.00152758605002,-0.00944664691464,-0.0103767271428,-0.00657456456885
2024-04-04,0.0301028802976,0.00153050332146,-0.015356222125,0.0140872018213,0.00407770432225,0.0024711023563,-0.0057786032926,-0.000110442421704,-0.00591231933729,0.0040631486648
2024-04-05,0.0142667336904,0.00420871205484,0.00715201988085,-0.00602574697968,-0.00512505554646,0.00363056265969,0.0112902719269,0.000882632128425,-0.00193304415902,-0.0145210048647
2024-04-08,-0.00190557986406,0.00345547534288,0.00463121665609,-0.00168510228108,-0.00162399107099,-0.00337066762402,0.00361871326699,0.00088196685671,0.0175662563648,0.0171506442772
2024-04-09,0.00126003291801,0.0181391241188,-0.00535063999519,-0.0065664468857,0.0122160467729,0.000292180644742,-0.00642943555362,-0.00211787008311,-0.0151378733159,-0.00595281078373
2024-04-10,-0.00790951201991,0.00212046463671,0.0192456186125,0.00960768340254,0.00796233665565,-0.000876798167669,0.0245581430215,-0.00143634926685,0.0108216420967,-0.00850318793116
2024-04-12,-0.0113902737091,-0.00451706709082,-0.0165014561693,0.00419485956752,-0.0147416402548,-0.0115336926929,-0.0158010235259,-0.0127304621787,-0.00843316033245,-0.0198998478463
2024-04-15,-0.0160937939235,-0.0238702436003,-0.0115501427275,-0.0151591227302,-0.0112433844391,-0.01087042073,-0.009813139346,-0.0172834815967,-0.00158600827038,-0.021552848997
2024-04-16,0.00968740840488,-0.010534226084,-0.00768622929066,-0.0175074472143,-0.0372624854651,-0.0186101379559,0,0.0121183271022,0.000631333751416,-0.0160552742477
2024-04-18,-0.00968740840488,-0.0109306064481,-0.00922170466251,-0.00279267426894,0.00338793540343,-0.00709896239455,-0.0166916937147,-0.0027052698311,-0.000972713381411,0.00211436964097
2024-04-19,0.0241916268553,0.0111180799917,0.00755734754976,-0.00931303879455,-0.00565270228233,-0.0132792485605,0.013987889746,0.00755671102254,0.00395300813773,-0.00922295696109
2024-04-22,-0.0125516107653,0.0180143646481,0.0206397325675,0.00998624672156,0.0151196923678,0.0126314494084,0.00129406798452,0.00442643900775,0.00659330714216,0.0264631728573
2024-04-23,-0.00304648078279,0.0033073408171,0.00896629052858,0.00260991182534,0.00671285014795,0.0140558743884,0.00912824454486,0.00943550416368,-0.0139667059553,-0.000706143978193
2024-04-24,0.00271578712146,0.00594442828741,0.000129300260209,-0.0113292957197,-0.00810969017534,-0.00499004676699,-0.000699322474247,-0.00110537609384,-0.0062897914512,0.00681855351315
2024-04-25,-0.000628551890222,0.0153812552121,0.0499537888296,0.00550563577623,0.00536741145647,0.0166927652102,0.0199672321701,-0.0130926909243,0.00673507391686,0.00478934454154
2024-04-26,-0.000629031653926,-0.00526623698374,-0.0141267397138,-0.0080407601255,-0.00571688023787,-0.0203499824583,0.00558376826011,-0.00368267417558,-0.00509860954137,-0.0129798768125
2024-04-29,0.0129637597125,0.0460830279631,0.0309645275692,0.0127024666728,0.00314129272022,-0.0604464067167,-0.00409926687635,0.00155107006407,0.00855171780194,0.00803928745755
2024-04-30,-0.00616486733465,-0.00843971313288,-0.000302508636464,-0.0128857721926,-0.00994632950653,-0.0151057617516,-0.0058363990089,0.00195228418447,0.00134715690756,-0.0110672551886
2024-05-02,0.00796119813568,-0.00956413330708,0.00458853298755,0.0111013007878,-0.00430357989381,-0.00432668261358,0.00766033482482,-0.00186238736521,-0.000306755547866,0.0014456007986
2024-05-03,-0.00829017287821,0.00227936587954,0.00168525145001,-0.00516445535423,0.001307151865,-0.00933995146132,-0.00582565221731,-0.00416354586886,-0.0224450187012,-0.0280890528388
2024-05-06,0.00200513154403,0.00371445398094,-0.028856694489,0.0200022304569,0.0067553461699,0.00794275839372,-0.00390260115559,0.0175043716275,-0.0101454107346,-0.0104839558407
2024-05-07,-0.0108955111378,-0.0126417160267,-0.00733053649835,0.0146584374743,0.0104994533015,-0.00737362197826,0.0127986015409,0.0531664895356,-0.0127971696164,-0.0103178593945
2024-05-08,-0.0157257107075,-0.00789403723271,0.0110374729198,-0.000502742317155,-0.0095180984527,-0.0130832059822,0.00147514857195,-0.0162487955692,0.0121100866101,0.0170947991683
2024-05-09,-0.0239931075915,-0.0065216316364,0.0110389100911,-0.00422077064048,0.00854595242698,0.00486004076877,-0.0367204421555,-0.00660014257308,-0.0173683843661,-0.0625435856577
2024-05-10,0.00690891812129,0.00120928417616,-0.00299297752849,-0.0168832892227,-0.0102288385598,-0.00292078350149,0.0192212622515,0.0157422219061,0.00949496063275,-0.00122193641307
2024-05-13,0.0119939078525,0.00975487653571,-0.0105156163814,0.0137473100931,-0.00101818373934,-0.00251030766688,-0.00346735503568,-0.00080472951033,-0.00336293245507,0.0068238442173
2024-05-14,0.00390919771392,-0.00662638536276,0.0115550725407,-0.0118742222538,0.000877799810429,0.00618833081337,-0.00499110141463,-0.004691863695,0.0123107382447,0.0256558420143
2024-05-15,-0.015486069739,0.00338528433837,0.00256328373902,-0.00534611018485,-0.00333959718662,0.0089302476207,-0.00443149512339,-0.0112563752949,-0.00267944307918,0.00938043524648
2024-05-16,0.0150068030508,0.00594133654982,-0.0102312798864,0.012523876192,0.0232495750263,0.0113760770894,0.00849594527098,0.00850743836756,0.00638716284495,0.0143485819149
2024-05-17,0.0026331288226,-0.000486405496325,0.00724012953801,-0.0172854089347,-0.0062463694821,-0.0111512253529,0.0111784059412,-0.00977803222889,0.00723514538415,-0.00285042972635
2024-05-21,-0.00362649135079,-0.00848342350976,0.0155296383359,-0.0036318846811,-0.00705250800834,0.00650446547935,-0.00344395085568,-0.00416765241143,0.000295969177315,-0.00284400157111
2024-05-22,0.000274117728278,-0.00882611494558,0.0022008316985,0.00308401053137,0.0142962154244,0.000856658141669,0.0116613129294,0.0240307390337,0.0169331252694,0.00576667859833
2024-05-23,0.0226311988266,0.0208416582171,0.016173808088,0.0159088650435,0.0120251640701,0.00778775753963,0.0032907919319,0.00656916660876,0.017240096029,0.0353557714232
2024-05-24,0.0163469299295,-0.00225033821872,-0.00421510545594,-0.0113523699058,-0.00497024474093,-0.00618819252761,-0.0117374142065,-0.0056613937882,-0.00391072977347,0.0112324978655
2024-05-27,0.00689688927021,-0.00190108478138,0.00613615258641,-0.000636737516307,0.0042568460681,0.00600345639896,-0.0108333282294,0.00650049606588,-0.009502835712,0.00717242092899
2024-05-28,0.00183110488274,-0.0025259076838,-0.00306329349517,-0.00186031048855,-0.00292677286348,0.00376144869736,-0.00581063557922,0.00479042048075,-0.00687785222907,0.00169627235801
2024-05-29,-0.0146112524147,-0.0223880405164,-0.0102794906621,-0.00948510488821,-0.0110351186932,-0.0039094788696,0.00453525452474,-0.00945621823504,-0.0106490602875,-0.0064171528564
2024-05-30,0.00433318527391,0.0105610570582,0.00388226458111,-0.0179189642933,-0.0163288679434,-0.015829096574,-0.0166125309696,-0.00931284852316,-0.0111146936408,-2.75290950367e-05
2024-05-31,0.0109638166397,0.00657806056105,0.00543414060536,-0.017591773054,0.00530954476795,-0.00583598637053,0.00611550458178,-0.00955020381299,0.00388767969536,0.00947444665523
2024-06-03,0.0261957173388,0.0341541313538,0.0868056706452,0.00865230969556,-0.000711097401163,-0.00731466399792,0.00910374039462,0.0114622648751,0.0543706535683,0.0602444839248
2024-06-04,-0.0583078211704,-0.0794070771156,-0.155531865312,0.0032758944763,-0.00875146157483,-0.0083271248924,-0.0175738393802,0.0578869198389,-0.0778009020262,-0.135529238642
2024-06-05,0.0452473944528,0.0341302696291,0.0185953038337,0.00843015091753,0.0258180830007,0.0303357283789,0.0357223643458,0.0417588533716,0.0166610109056,0.00170276834254
2024-06-06,0.00507788556014,0.00157715168212,0.0338615053017,0.0221603188399,0.0290474917535,0.0392578881861,0.0117823576512,-0.0206320819294,0.00760778907516,0.0213458270817
2024-06-07,0.00871365911797,0.0101250439321,0.0157876092989,0.0164548427128,0.0408261508851,0.0240379268038,0.00857596908939,0.0109998876338,0.026435620845,0.0142410328842
2024-06-10,-0.00768826428879,0.00187037857804,0.00222651957557,-0.00909368354195,-0.0223195648385,-0.00894656380619,-0.00513671928071,-0.00484161272427,0.000985953498792,0.00317965517108
2024-06-11,0.00223926668178,-0.00499554590374,0.00449815138923,-0.00171177199704,-0.00267064761867,0.00705871000342,-0.0089665811633,-0.0035143117282,-0.0100578144787,0.0153871790577
2024-06-12,0.00595733843101,0.00120669395915,0.00423971823297,-0.00532308774671,-0.00707827070066,0.00693976096788,-0.00161797633779,-0.0108752374442,0.00455474482987,0.00874264341519
2024-06-13,0.00418404063839,-0.0109570911459,0.00570418121137,0.012062746506,0.00587418751484,0.00374629650652,-0.0046370499588,-0.0164673763452,0.00131457400895,0.0200035304362
2024-06-14,0.0101647154509,-0.00153645972222,-0.0055850666966,-0.0119582651924,-0.00338605693795,-0.00911247440055,0.00197335221126,0.00661534612242,0.0083594373202,-0.00428883316432
2024-06-18,0.0068026544164,0.0154367973653,0.00676925643263,-0.00443298899634,0.0062267049391,0.00428826998744,-0.00558204830622,0.0026177446769,0.002349188709,0.000379587085482
2024-06-19,0.0306547656614,0.0190539492758,0.00907224681999,-0.00351856693032,0.00873896444621,0.00600072602789,-0.011966282158,-0.0118342982609,-0.0152230709888,-0.0272713160475
2024-06-20,0.00691265473991,0.0107334591568,-0.0104343062202,-0.00380809807087,0.00267611162153,-0.00166151552173,-0.000826596712275,0.010204078305,0.010264765809,0.00908275866079
2024-06-21,-0.00215882266957,0.00159805496504,-0.0088688072615,0.00618582732445,0.0113515698088,0.00304360719315,-0.00877919639399,-0.0166146007468,-0.0133201927565,-0.0166775851535
2024-06-24,0.00398426895123,0.00983355128819,-0.00431392213795,0.00158631930019,-0.00362773331688,-0.00484634853686,0.00877919639399,0.000368595961585,-0.00878910457896,-0.000962325813838
2024-06-25,0.023022836959,0.0235226194743,0.0114034193345,0.00565621584365,0.00964460977236,0.00491547663961,0,-0.00410310441174,0.00875461202396,0.0157881696408
2024-06-26,-0.00577234128062,0.016598430385,0.00367378269153,0.0045227619697,-0.000810956149888,-0.00293962806259,0.0015344257248,0.00549436475488,0.0403501766627,0.00421380086031
2024-06-27,-0.0031492295341,0.00155874308585,-0.00159824102236,0.0201034481576,0.0209701893112,0.00772801039122,0.00388445224873,0.00674435105451,0.0108555004361,-0.0107572501596
2024-06-28,-0.00730784994051,-0.0167808345994,0.00584789544093,-0.00765472956066,-0.00420368102688,0.00322534192955,-0.00164613150274,0.00441729183618,0.0225142810829,-0.00448488848293
2024-07-01,0.0126293017515,0.0101599283789,-0.00827967935209,0.0187893462637,0.0152336357126,0.00631738880177,0.00971962489329,0.0128765624081,-0.00335944856012,-0.00619077120593
2024-07-02,0.0147857331336,-0.0176906556834,-0.0189442501284,0.00980538757752,0.0188372222705,0.00810267408613,-0.00830854691852,-0.00799577028087,0.00321572372927,0.0279478787746
2024-07-03,0.0217484775326,0.00919645592513,0.0165660027924,-0.0130658617332,0.00390947534671,0.000134995336153,0.00655893755125,0.0100892789368,-0.00817945818505,-0.00335592060444
2024-07-04,-0.0237439397219,0.0257963558033,-0.00077422154257,0.0139491944746,0.0141855307614,0.0275377911961,0.00174960936727,-0.00575288996858,0.00103011322259,-0.0114224405827
2024-07-05,-0.0468495964733,0.000324359113356,0.0240734481889,-0.0022781077289,-0.00194058679327,-0.00193989677653,0.0106643866819,0.0202467958767,0.0220204592855,0.014957630438
2024-07-08,-0.00776624005709,0.00133700965799,-0.00407919462335,-0.00464716794519,0.00858247436329,0.00917198549855,0.0226853963607,0.0156406698558,0.00769721661824,0.00133619980404
2024-07-09,0.000702895365003,0.0106310044952,0.00588045656792,-0.00193014424154,-0.00271186649318,-0.00150085471623,0.0200854584387,0.00115886469761,-0.00665902362574,0.0093450728127
2024-07-10,-0.00637523888754,-0.00405385357361,-0.0143837312195,-0.0193427823927,-0.00538514740133,-0.013909912758,-0.00254407344231,0.00780692194396,-0.00381170274246,-0.00438760683184
2024-07-11,-0.0025861932835,-0.00382816258398,0.00902870629467,0.00371514465214,0.00269623796144,0.00129049018514,0.0158227367373,-0.000613132952737,-0.00225913989685,-0.00796301163729
2024-07-12,0.000493050364525,-0.00449143795838,0.00349566791583,0.0642206333879,0.0351058998478,0.0314468161759,0.000871755453748,0.00512318573777,0.0101184797839,0.00777123065509
2024-07-15,-0.000369764980958,-0.00239571205211,0.0248713014998,-0.00353153858579,-0.00274946358283,0.00600686703305,0.0094314527382,-0.000743799432021,0.000313076952926,0.000616322630642
2024-07-16,-0.00144975818866,0.00805726989578,-0.000737840326878,0.00221608735204,0.0110688097269,-3.16723264609e-05,0.00462884617815,0.0256759656272,-0.0132190792931,-0.00412996901784
2024-07-18,-0.00306073573282,0.00835288446012,0.014485258453,0.0322844884155,0.0183696442422,0.0158024322957,0.0100449625483,0.0184089133917,0.00659210166864,0.00538883456273
2024-07-19,-0.0046552576274,-0.00132049097542,-0.00471137303711,-0.000731752627735,0.0196570377084,0,0.00910250464328,-0.0041715763003,-0.0200686594387,-0.0103647500126
2024-07-22,0.0216940738776,-0.00602471853982,-0.0142119629038,-0.00350431716404,0.0099339793104,-0.01100393933,-0.0170017102607,0.00303888355995,-0.0356570955831,0.00906479447909
2024-07-23,-0.0148118767954,-0.0116699629903,-0.0148219165767,0.00349246795221,0.0142831964808,0.0210222642641,0.053519881633,0.0112877907595,-0.00854921055882,-0.0315486167695
2024-07-24,-0.00890630614003,-0.00306154937355,-0.0138705249851,0.000906120502035,-0.00160740149515,-0.00920807067062,0.00375159187956,-0.0179821438401,0.00522857609031,-0.00527103532003
2024-07-25,0.00779349521837,-0.0207367363939,-0.00411637657336,0.0037664054838,-0.00497424958593,0.00245965566728,-0.00833332797665,-0.00363180543349,-0.00220880535533,0.0279345231628
2024-07-26,0.000958310610089,0.00773346772037,0.0163070422402,0.0150054808718,0.0291887292887,0.0296333251504,0.0246950877647,0.00142116396707,0.0110782505949,0.0166463135482
2024-07-29,-0.00812859669671,0.0045456722418,0.0105533875633,-0.0015394833144,-0.00416003701733,-0.00183621939297,-0.0123216387498,0.000202805102649,0.00731226568561,0.0255016083693
2024-07-30,0.00652054809715,-0.00268360436998,0.00137586564227,-0.00360143152055,0.0032281774151,-0.001287273446,-0.0124754979455,-0.0074774068229,-0.0045824705751,0.00256625416752
2024-07-31,0.000123692091567,0.00449614451938,-0.000458338925275,0.00457109202831,-0.00475251151921,0.0075471324353,0.0110632490496,0.00528072473313,-0.00511830830627,0.00798728111187
2024-08-01,0.0141650985815,-0.0039588678764,-0.011238927694,0.00267568310908,-0.0084120977021,-0.00124892147617,-0.00333643176593,0.00365240964025,0.00653818218232,-0.00940187922013
2024-08-02,0.0123411055169,-0.0112604319278,-0.0173054458697,-0.0262798896435,-0.0170944140217,-0.0192322581489,-0.00936115867447,-0.00850582474159,-0.0105985273492,-0.0305194375078
2024-08-05,-0.0265062040984,-0.0202189576947,-0.0436344183869,-0.0303408297289,-0.0387947350219,-0.0295760861571,-0.00635836984231,0.00863457136439,-0.0352978852028,-0.0382882231931
2024-08-06,-0.00904585871819,-0.00491581136971,-0.0173366513612,0.00387931929099,-0.000456731958853,0.0129405788775,0.00061711886829,0.0124957631178,0.00601030427416,0.0135696532996
2024-08-07,0.0138309198373,0.00478786910425,0.0136335765586,0.00698784232443,0.0228928740744,0.00745910740208,0.0129732946668,-0.00218417777249,0.00600838556496,0.0172020374256
2024-08-08,0.0117569372634,-0.00671787663151,-0.000742231964458,-0.00666433080057,-0.0274431698093,-0.0233162624834,0.00425363696166,-0.00396185966784,-0.0107758654663,-0.023555714553
2024-08-09,0.00455524232887,0.00599259669871,0.0199106017783,0.0133791886347,0.0157092879603,0.0203958611808,0.00232174634845,0.0051091640013,0.0172235256715,0.0107759951636
2024-08-12,0.00598140651849,0.00959571838541,-0.0142956220355,-0.0078582413394,0.0149380835044,-0.00296040881625,-0.00262495342247,0.000545842279942,-0.00931906376749,-0.00561141491105
2024-08-13,-0.0348762592928,-0.00380157173791,-0.0186944170965,0.000309918092106,2.76718898594e-05,0.00465705406301,-0.0093440447412,-0.00265933908035,0.00205187969659,-0.00565709173481
2024-08-14,0.00286525571944,-0.00575111050652,0.00681016621745,0.0231516889494,0.0142517412073,0.0208160838572,0.00447969757935,-0.00708343075691,-0.0012134328412,-0.00186003044567
2024-08-16,0.0150007395324,0.0217983412318,0.0112687178061,0.0277356176603,0.0193910712869,0.0255600867142,0.0210090787782,0.00957903918924,0.0111223541994,0.00650876347955
2024-08-19,-0.000337109128362,-0.00960590673821,0.00196831133231,0.0166072071445,0.00314214207676,0.00612532362555,-0.00239029945814,-0.00207618347208,0.0102647895307,-0.00373415184336
2024-08-20,0.00376240399381,0.00301434672571,0.00807838590579,0.00738906261356,0.00396037176364,0.00490290230326,-0.00529871081031,0.00309455772851,0.00505973568141,0.00495244574586
2024-08-21,-0.00729276033046,-0.00390774430306,-0.00580737417047,0.00621508041641,0.000266879783686,-0.00564797770248,0.0131451100729,0.0144888449147,0.00182000447002,0.00651445851562
2024-08-22,0.00337717845232,0.0137368399924,0.00580737417047,-0.0109350547195,0.00402361307545,-0.000656065905602,-0.00168333247864,0.000573179250131,-0.000367138481018,0.00290164934741
2024-08-23,-0.00383871789217,0.01035669926,-0.00605268247547,-0.0084988620577,-0.00969979830099,-0.00880872051969,0.00247434556151,0.00813072760657,0.00123416103319,-0.00220676982597
2024-08-26,0.00912721312344,0.00811005779584,-0.000367997558986,0.00859866996551,0.00751687992696,0.034313717217,-0.000197779613296,0.00196914215738,0.00838154383024,0.011974589169
2024-08-27,-0.00134242634302,0.0106982421431,0.0010424506522,-0.00117755048098,0.0126846543472,-0.00457588581792,-0.0101361678299,-0.0194171957604,-0.00806491245704,0.0165566911346
2024-08-28,-0.000396941405816,-0.00204072321753,-0.00799862749586,0.00197693831687,0.0203174485394,0.00457588581792,-0.00661390957522,-0.000921900558493,-0.0014339311132,-0.00369324623565
2024-08-29,0.000885297995816,-0.00159444495921,0.00628117569878,0.00127517675095,-0.00296970643046,0.0186679196063,0.0155630541019,0.0075321686485,0.014987563453,-0.00151917075731
2024-08-30,-0.00100745369847,0.00595646751745,0.00134962468378,0.00925488978419,0.00533916480544,0.000798834054236,-0.00635561169971,-0.00260646745332,-0.00745742526704,0.00573899823861
2024-09-02,-0.0060972821728,0.000609867554513,0.00799881659196,-0.00720682329187,0.0106443996998,0.0300030830984,0.01610790232,0.00396988640581,0.00437887943992,-0.00583398085944
2024-09-03,0.00637214992808,0.0143284086335,0.00321812339025,-0.00192611239619,-0.0119056237314,-0.00900740005901,-0.00127510373188,0.0018805712534,-0.0047101480913,0.00191223553193
2024-09-04,0.00271404267447,-0.00913837595138,-0.0101140971669,-0.00736247179797,-0.00973180556387,-0.00290846363164,-0.00600553243667,0.0166624320844,0.00358834510066,-0.0107207422081
2024-09-05,0.00222070111038,-0.000323532625911,0.00275191372014,-0.000736888916158,0.00555041644699,0.00296453014471,0.00953281543557,-0.000986028451558,-0.0143475809228,-0.00732656830224
2024-09-06,-0.00517918646024,-0.0227496918918,-0.0452848482114,-0.00429903667411,-0.0163236842432,-0.0194275234784,-0.0187586174527,0.000176071112784,-0.0190350459721,-0.0137244945872
2024-09-09,0.00581712166544,0.0219807816892,0.00223384858769,-0.0016166497877,-0.00379287889494,-0.00533853392749,0.0198339942273,0.0287657044459,-0.00162271902308,0.000992577457504
2024-09-10,0.00233554392402,0.00186061407966,-0.00204221953687,0.0130173124473,0.0092725278678,0.0183506475419,0.0036083964729,-0.00797200801648,-0.000632639733037,0.00497597822936
2024-09-11,-0.00391588277156,-0.000768171251161,-0.0181148882782,-0.00634244402034,-0.00112495321725,-0.000196654619286,0.0014592417155,0.00191289831507,-0.0068829368935,-0.0165990705669
2024-09-12,0.0137141499286,0.0126986089748,0.0246100511797,0.00852516596282,0.0208783963655,0.0160890439941,0.00996284204233,0.0178316155053,0.019309470428,0.0237616342369
2024-09-13,-0.00039006874022,-0.00143862485519,0.00392753292845,0.00108399897251,-0.00326109836912,0.00287262668605,-0.0109354109102,-0.00796367212864,-0.00486039221179,-0.00248797027051
2024-09-16,0.00299670654625,0.00994761775482,-0.00672415268781,-0.00206948877238,0.0031584904465,-0.000524210750275,-0.00536606898652,-0.0227076060228,-0.00086622848757,0.0135392785575
2024-09-17,-0.00128743445322,0.00414865628128,-0.00337910803993,-0.00168539166037,0.00117872408927,0.00104814684761,-0.00657612148073,0.002229642892,0.000645560343833,0.00895698795728
2024-09-18,0.0154599228377,0.0158425560231,0.012502897271,-0.0360416813538,-0.0314225444452,-0.0320733363224,-0.000788109526317,0.000817628865419,-0.00602918708051,0.00949417866446
2024-09-19,0.00805105698997,0.00282909555395,-0.00353826875131,-0.011571206661,0.00108279116041,-0.0114515496983,0.00177242453189,0.0124059536223,0.00424466133711,-0.0126111546248
2024-09-20,0.0189587061996,0.0353208250246,-0.0104986052065,-0.00262217394167,0.00607906145022,0.0134706798343,0.012027642528,0.0223633474603,0.0109961670327,0.0294767923848
2024-09-23,0.0106257070736,-0.012442064357,0.0254504639473,-0.00383460887542,-0.00489191168813,-0.00412783536667,0.00494495498068,0.0169663257972,0.00500119691242,-0.00163552793282
2024-09-24,0.0046770279202,-0.00249959058346,-0.00449967962563,0.000655617084033,0.00113307534388,0.0129239068791,-0.00329382922898,-0.0260923809294,-0.00268213650737,0.00102913834744
2024-09-25,0.00623029172809,0.00397360047113,-0.00647258565832,0.00080752953223,-0.00173956115747,0.00382237807693,0.00445385769438,-0.000542439998313,0.003067008147,0.000593272421164
2024-09-26,0.00244215141723,0.00392035275738,0.0109722652839,0.00414378909522,0.00260820827326,0.000813174524698,0.00999719142752,0.0125191180287,0.00267393394627,-0.00839085899499
2024-09-27,-0.0174207560162,-0.0170362009446,0.000997299205698,0.00376673710711,0.00341482524746,0.0136685274534,-9.57113394705e-05,-0.00666973482434,0.0186671392282,-0.0151318711593
2024-09-30,-0.0118232156289,-0.0260520138854,-0.0185476261581,-0.00937367281859,-0.0164716003896,-0.00682482792928,-0.00874286209148,-0.00268366383256,-0.0330394496598,-0.00815584410664
2024-10-01,-0.00338330935075,0.00109917583603,0.0114207764862,0.00453454009101,0.0152121066996,0.0112940017287,-0.00377047703265,-0.0117477783713,-0.00798944777885,-0.00601718885722
2024-10-03,-0.0259388512585,-0.014264818024,-0.00358256277309,-0.0129451047048,-0.0057666169454,-0.0211131598865,-0.00670586494714,-0.0104520081652,-0.0402937211278,-0.0435943474437
2024-10-04,-0.0145825784146,-0.0133009664691,0.00320606730192,0.00459629699957,0.0129870866709,-0.00109704269334,-0.0181053382267,-0.0155347832862,-0.0146413894288,-0.0010584185327
2024-10-07,-0.0243337511227,-0.00472979337149,-0.0331811342875,0.00483286475927,0.00838437189386,0.000196967021121,0.0131197102906,-0.00540294330067,-0.0114607850627,-0.00735386805074
2024-10-08,0.0203442760611,0.00218573856263,0.0139168718244,-0.00459768770928,0.00733989096058,0.00700973902841,-0.00441980094079,-0.00516597164517,0.0192377420037,0.0182985192387
2024-10-09,-0.0109008498288,0.00608699644849,0.0202052752389,-7.04978772496e-05,0.00215310446902,0.0112529354482,-0.0325142611208,-0.0178431407968,-0.0164147779436,-0.012907075073
2024-10-10,0.0177516254549,-0.000522695920007,-0.000376362469975,-0.00602591187693,-0.017434416672,-0.000580318788048,0.000711580529179,-0.00515969163893,-0.00258594565537,-0.00770066727367
2024-10-11,-0.00688109321962,-0.0166231372221,0.00331901069461,-0.0186713641904,0.00835483734224,0.0169947169916,-0.00785516309672,0.0102927148653,0.000765547527725,0.00639507662985
2024-10-14,0.0222224796618,0.00712911780047,0.0067295439774,-0.00302931517939,0.0122241007054,0.00879428029205,0.0177642794108,0.00211768377263,0.000309715023422,0.020604333855
2024-10-15,-0.00237234356052,0.0190980583711,-0.000621230258286,-0.00481012961789,0.000204166711844,0.00762205235032,0.00321443872237,-0.00274664732184,-0.0209832649405,-0.000886489186484
2024-10-16,0.00927934360943,-0.00988549634177,0.000993673082969,-0.0053216105742,-0.0202100104422,-0.00259677397318,-0.0107890833519,-7.17161899147e-05,0.00744965817951,-0.00544854630362
2024-10-17,-0.0158025595284,-0.00961860558671,0.00692859211052,0.00342516175398,0.0246913621799,0.00136625552044,-0.00875678777329,-0.0154356363703,0.0017340550384,0.0106155194575
2024-10-18,0.00518631862294,0.0266469089203,0.0114624015707,0.00584995316434,-0.0460096249408,-0.00542221799573,-0.00451007345317,-0.00789973848268,0.00211726763251,0.00209847871567
2024-10-21,0.0274751970747,-0.00431920503656,-0.00789313704695,-0.0105328476883,-0.014387911357,-0.00761888667724,-0.00628644607883,-0.00870516871629,0.00725672928123,0.00217770936342
2024-10-22,-0.00821895265845,0.00668888042889,-0.0293597989803,-0.0158982868382,-0.000621005522303,-0.0048435612926,-0.00383241764993,-0.00440916688036,-0.0190600356656,-0.0207686359657
2024-10-23,0.0123178350106,-0.0126237361741,-0.00558233143681,0.0125592714645,0.0117048924098,0.012539408766,-0.00301407817839,-0.00838784223775,-0.0035982349571,-0.0162189944532
2024-10-24,0.00794724789492,0.000918450602555,0.0108190216827,-0.00452296816397,-0.00537913807271,-0.000460714059401,-0.018171778561,-0.0597342966131,0.000952145391633,-0.00369670452548
2024-10-25,-0.00357852186584,0.00215288530357,-0.0172646541371,0.00238111444362,-0.000697812335483,0.00403006360234,0.0222231600154,0.00911959230269,-0.00895941982164,-0.0343508915544
2024-10-28,-0.00529106279286,0.0293550966483,0.0141133201911,0.00817342644143,0.00177066618761,0.0104187048429,0.00382838090562,0.0187118331519,0.0048831810861,0.00431972562978
2024-10-29,0.0101262092112,0.0297198487339,0.0500489523398,-0.00382070559204,-0.00274181814087,0,0.00781815682603,-0.0109888468855,0.00422537752822,0.0119315859956
2024-10-30,-0.00989561775911,-0.0149019521752,-0.0123857911687,0.00230392967432,-0.0204324304611,-0.0177606137162,0.00735074355762,0.00286139357268,0.0029062890612,0.00808644778675
2024-10-31,0.000634069836216,-0.0152821155924,-0.00273943935127,-0.0288604564621,-0.0252024929185,-0.0403676958238,-0.00561019405991,-0.0105052800966,-0.00885672154797,0.0608807870505
2024-11-01,0.0009213227909,-0.000348233730248,0.00121846375511,0.00396096387285,0.00204642748403,-0.0049101329671,0.00306395594791,0.00365196898259,0.00494250893152,0.00111748128887
2024-11-04,-0.0134440455349,-0.0113664924404,0.0104782005175,-0.00504507942085,0.00158892115454,0.00315309935576,-0.0116935562939,-0.00501754368346,-0.0276449090357,-0.014415396484
2024-11-05,0.0252033395866,0.015152335927,0.0230498400587,0.00181463396493,-0.00537263927656,0.00599480581472,-0.00912109483552,-0.00136734126642,0.00241616818864,9.80088200369e-05
2024-11-06,-0.00148015908599,0.00434780492127,0.00657273350691,0.0415051124605,0.0388545444605,0.0359123744482,0.00187247015728,0.0033445969425,0.0152435557654,0.0195705041124
2024-11-07,-0.00496882877662,-0.0183263829171,0.00559963255929,0.00271390013645,-0.0113877088355,-0.00351478178989,-0.00667379774632,-0.0101283137249,-0.0149755155087,0.000301783205236
2024-11-08,0.0045128768946,-0.0156454232734,-0.0193221794619,-0.000939909016306,0.0148089466911,0.00302512304165,0.000313872825333,0.0129236351877,-0.0169154492232,0.00376360612355
2024-11-11,0.00673167766034,0.00826708734186,0.00532286234514,0.0123897839123,0.0163415834229,0.0160876558371,-0.00230364058919,-0.0066616866145,-0.00864499404422,-0.00862929316165
2024-11-12,-0.0276097684045,0.00102369101288,-0.0250259100862,-0.000309784325829,0.00466622039208,0.00296772798433,-0.00863339426556,-0.0119333543278,0.00121725029619,-0.0103876383852
2024-11-13,-0.0216802582908,-0.0133901299627,-0.0220756960191,-0.0112725948237,-0.000213981440958,-0.00433446769807,-0.00137570596668,0.00140056652272,-0.0175755337204,-0.0121582610515
2024-11-14,0.00675745063429,0.0025889460823,-0.00545600249404,-0.00107268008008,-0.00206272519386,-0.0031152154294,-0.013324266219,-0.031212973412,0.0123431481055,-0.00613491153034
2024-11-18,0.0072692775836,-0.00278844219694,0.0124186865156,-0.0309623707532,-0.0288921064161,-0.0129671948695,0.00128691632587,0.0140066326037,-0.00541859201453,0.00449879963606
2024-11-19,0.0215536625695,-0.00347638712227,-0.0139741871222,0.00497577921128,0.00731532984269,-0.00790580125009,0.00171319361569,-0.00519321974735,-0.0152656887154,-0.0102866198074
2024-11-21,-0.000602865198353,0.00116027129415,-0.0280996641508,0.0082096333578,0.00508368443514,0.00864116390385,-0.0220668165919,-0.0114956136529,-0.0151343155684,-0.00640963389845
2024-11-22,0.00252377365528,0.0217519145888,0.044220634975,0.0413047455497,0.0365107002218,0.0332315820621,0.0375660939525,0.0258710065009,0.0340815341906,0.0338680030937
2024-11-25,0.0226561958435,0.0177592816765,0.0342098325212,0.0164729426504,-0.00661927944313,-0.00353554459192,0.00451938232626,0.0106576458278,0.0169255377966,0.0406499715219
2024-11-26,-2.79626113482e-05,0.00306993513573,-0.00599807153052,0.00867564188185,0.0180661764269,0.00414107855122,0.0004194164118,0.00313092583601,0.00673714427078,-0.0135202792933
2024-11-27,0.0148702251179,-0.00326218493289,-0.00633415179468,-0.00463990643774,0.00018196194057,-0.00448476651537,-0.000104819588945,0.00310095395755,-0.00193126108159,-0.00105388895684
2024-11-28,-0.010622894414,-0.0110937502761,0.00567858700336,-0.0204380899311,-0.0358924686555,-0.0268776527319,-0.00430738022476,-0.0099816756436,-0.0174730797134,-0.00886654860323
2024-11-29,0.00161598830962,0.0106324289065,0.000119225568795,0.00609461563603,0.000646143934326,0.0038764882697,0.00388799196296,0.0136942974798,0.0166994916206,0.0158983516182
2024-12-02,0.00480454997951,0.00349371853381,-0.00304409493193,0.00135703923791,0.0117455728598,0.0126092341571,0.000943520482492,-0.00683373739358,0.0130319246041,-0.00558640106302
2024-12-03,0.0118976400448,0.00287012326136,0.0207656569433,0.00608441635898,0.00652183632529,0.010233350777,-0.00979227731786,0.00149136736073,0.0107506085248,0.02216056563
2024-12-04,0.0183382017287,0.00582980519139,0.00671089317985,0.0119324100621,-0.00150741129274,0.00364257454929,-0.0116001461936,-0.00741812792779,-0.0109034501496,0.000752225143698
2024-12-05,0.00303290194404,0.0154193514836,0.00666608390762,0.0248696225294,0.0238498812386,0.013790172935,0.000855991849453,0.0121394452614,0.00995833274412,0.0109298455418
2024-12-06,-0.005320356129,-0.00581549660363,-0.00208202368744,-0.00416401949436,-0.00645535548682,-0.000675948562115,0.00777710699223,-0.00433868483864,-0.00797386856848,0.00913192684227
2024-12-09,0.00759568635849,-0.00486596194913,-0.00650523538645,0.00149478514786,0.000650017234829,-0.00667960284768,-0.013246623136,-0.0340085660451,-0.0125831718618,0.020630485456
2024-12-10,-0.00101660305501,0.0061445204648,0.0109530895893,-0.00441217894531,0.0128610633861,0.013753833831,0.0010748015461,-0.00141709216659,-0.00798461921463,-0.00613693649757
2024-12-11,-0.00268009218372,-0.00221976854856,-0.00682439069382,-0.00115106107725,0.0130524262483,-0.00281847707787,-0.000429752441637,0.00166700815211,-0.0051891066468,-0.00163267746721
2024-12-12,-0.00206856878129,0.00131737148247,-0.00921119637867,0.00619188106969,0.00648804724677,0.00274118112765,-0.0100449122676,-0.023767078881,-0.0120421304395,-0.0146209925263
2024-12-13,0.0067006106283,0.0117048294261,0.00915315248649,0.00424474051616,0.0063711639293,0.016696947123,0.0202026998522,0.0190712282199,0.00784776802206,0.00699643051195
2024-12-16,-0.00350556319108,0.000891808764332,-0.000696568762951,-0.0132073883842,-0.00987498986267,-0.00734105516389,0.000212727685475,-0.0100711227362,-0.00358101487476,-0.00235678065187
2024-12-17,-0.0172778693094,-0.00921688634471,-0.0121532366189,-0.0198320790054,-0.00174392496406,-0.00194622213714,-0.00117056267424,-0.00122630085694,-0.0183008792947,-0.0183869198244
2024-12-18,-0.0123768099535,-0.0148044787784,-0.01468610558,0.00446042322141,0.00128923600726,0.00498607054832,0.00202116733913,-0.00171519932304,0.00636363463298,-0.0129671326323
2024-12-19,-0.0095445434864,-0.0209538635183,-0.00640367637142,-0.0176228578461,-0.0167887240217,-0.0134034415503,-0.00843080357982,0.000275391757702,-0.0183602803469,-0.0111848143838
2024-12-20,-0.0123423579612,0.00116481957864,-0.0252930340705,-0.024070835956,-0.0124343693692,-0.0119098462454,-0.00408075691799,-0.0110573932784,-0.0206512771232,-0.0235506300355
2024-12-23,0.0165153869501,0.00649864624659,0.0112054911331,-0.00288153897137,0.0011179001095,-0.00437822838429,0.0204502083996,0.00214011882699,0.0140057671127,0.00292969130002
2024-12-24,-0.00161147335452,0.000346891316433,-0.011143983447,0.0050853497708,-0.00795652506931,-0.00318424670644,0.00881703233748,-0.00143340649926,0.000368107030152,-0.000206093357609
2024-12-26,-0.0040960540725,7.71662377824e-05,0.000492549458296,-0.00249137126519,-0.00086466405552,0.00200121063906,-0.00314003369372,-0.0011995225086,-0.0050834835336,-0.00282005173682
2024-12-27,0.00417949397593,0.00783139702628,-0.0158802413023,-0.00101989040301,0.00488999613076,-0.00461408523,0.00345347390018,0.00363717373253,0.00369222385864,-0.00591355027407
2024-12-30,-0.0113811003081,-0.00991477458469,-0.0142954683284,-0.00145375037389,-0.0056243025698,0.0193413154412,-0.00334865431123,0.000960580462602,-0.00851261673739,-0.00811193360154
2024-12-31,-0.00284456034802,-0.0100920712483,0.00840042976514,-0.0155087062277,-0.0137350218684,-0.00600573967683,0.0138449980901,-0.00713000485579,0.00391569093403,0.00798710328611
2025-01-01,0.0055687485499,0.00155930824935,-0.00220374791633,0.00430116240327,0.0013289714237,-0.00284630342475,0.000620187498971,-0.0020435806587,0.00476056751028,0.0164537042549
2025-01-02,0.00615131248384,0.00539963173614,0.0100352171594,0.0152749281818,0.0392462438134,0.031025895218,0.0104830736206,0.0204178451512,0.0166870934893,0.0124645751225
2025-01-03,-0.0251499606866,-0.0199955249182,-0.00978313942445,-0.0183313867728,-0.00980350482846,-0.0130396339539,-0.0153508444282,0.0151795869751,0.00750114976024,-0.0145390747938
2025-01-06,-0.0223727538773,-0.000751314357239,-0.0216595876398,-0.00119585893442,-0.00046431091818,0.00328225841858,-0.0465446653125,-0.0125669510879,-0.0268528928416,-0.0156134492134
2025-01-07,0.00169393211398,0.0119134754159,0.00302212049651,-0.0164222303339,-0.00361885515252,-0.0192048042741,-0.00350767969141,0.0061256289307,0.0185863094573,0.0110676055588
2025-01-08,-0.0112099048383,-0.012190345467,-0.00980707891339,0.0196892227451,0.00119051561427,0.00849764919083,0.0189754437452,0.00425718630586,0.0196707862324,-0.0129704023336
2025-01-09,-0.0157642998854,-0.00106884252032,-0.0139725378687,-0.0170736920555,-0.00823279260001,0.00131889045171,0.00122275679283,0.0142257530715,-0.00853095179909,-0.0192167472377
2025-01-10,-0.00664760381308,-0.00999117832756,-0.0228779623948,0.0546345374655,0.025566080447,0.0306901350337,-0.0116203656522,0.00272679506863,-0.0102938942286,0.00233577793427
2025-01-13,-0.0157564217083,-0.0162127089081,-0.0186730727274,0.00594856701491,-0.00241782574685,-0.00286105394396,-0.0132361800942,0.00365832512802,-0.0016520789734,-0.0205279842724
2025-01-14,0.00961112942621,0.00854250451647,0.0252442024007,-0.0136204442804,-0.0113524618572,-0.0925467909122,-0.00559598355764,-0.0344716151403,-0.000887593334321,-0.000490759086814
2025-01-15,-0.00215821706504,-0.00165422416331,0.00739083735032,0.00390217727204,0.00493606785727,0.00667709815604,0.00171644932188,0.00213054712571,0.010799097749,0.011143046842
2025-01-16,0.00546273623906,0.00872417491338,0.016579279773,-0.0102415092016,-0.0109333188286,-0.0184915557368,-0.0103424805773,-0.0118696412757,0.0113157558045,0.00185469080609
2025-01-17,-0.00930445451264,-0.0191151633311,-0.00287501439997,-0.00145376927853,-0.0603832406326,0.00822314282489,0.0168379192064,0.00383046056012,0.0279526370304,0.017169800599
2025-01-20,0.00882001345953,0.00610146312073,0.0196332315952,-0.0113385387657,-0.00118482487056,0.0040724474741,-0.00569546634434,-0.00374520341606,0.00237750620885,0.00680012329262
2025-01-21,-0.00537395590788,-0.0303015757871,-0.026264300927,-0.0103406946039,-0.00697306409886,0.00344569046068,-0.00034281014699,-0.00200611098978,-0.0246217533133,-0.0145499673799
2025-01-22,0.0142969111976,0.00358845756816,-0.00740500882838,0.0294804470638,0.0304906391402,0.0139392272197,-0.00125777489058,0.0010462271565,0.0026658971004,-0.00648800451179
2025-01-23,-0.000690424062044,0.00108237156915,-0.0100711018674,-0.00268597737668,0.00483617768008,-0.0113903534718,0.00729605138191,-0.00911126796684,-0.0105875216072,-0.00425841952624
2025-01-24,-0.00911101725871,0.00618017844583,-0.00234883553809,0.00166297554784,0.00534638588903,-0.00786149594108,0.00317524690713,0.0197883126357,-0.0138251691954,-0.0129428605058
2025-01-27,-0.0121967804192,0.0153869643301,0.00676330908241,-0.0212237920928,-0.0289137746424,-0.0461734073851,-0.00340250100866,0.0103972559347,-0.0136937337578,-0.000159098531199
2025-01-28,0.0246057941899,0.0153145715064,0.0042621480409,-0.00613169669962,0.00424447409851,-0.0109831754887,-0.0106219085604,-0.00167303992806,0.00409950843576,-0.0127337770724
2025-01-29,0.00412219896303,0.00380208697751,0.00800873690991,0.0146191770829,0.0277570905684,0.0150928529461,-0.00483429553651,-0.00205338805539,0.000890719794155,0.0104318975502
2025-01-30,0.00843038434961,0.00315094562139,0.00545677033651,6.1025242935e-05,-0.0113868798216,-0.00343812373942,0.00655512187097,0.0103492354984,0.0141048680217,-0.00836895702274
2025-01-31,0.00427694270014,-0.00223243266801,0.0134160907914,0.00300765435629,0.0106159281695,0.00718326711772,0.0255756368772,0.0246242759392,0.00957055059007,0.041918703521
2025-02-01,-0.00460213735772,0.00219261676374,-0.00896758247123,-0.00959016400281,-0.0152503735788,-0.018395359407,0.0330781364987,0.0149755997078,-0.000395310614819,-0.0341876449832
2025-02-03,-0.00768792928922,-0.00203311212089,-0.00661448397581,-0.00110533779459,0.00643403091654,-0.00118118518798,-0.0178867697023,-0.0259109099609,-0.0148976292675,-0.0470049863783
2025-02-04,0.0252448711889,0.0120579007415,0.0237000803686,0.00939360251061,0.0188730562752,0.0236831148994,0.00175908187526,-0.0015982654927,0.0310560808548,0.04457998913
2025-02-05,0.00977254231251,-0.0003943709397,-0.017020312409,-0.00389104535267,-0.00092212683201,-0.0114357923041,-0.0154990193328,-0.0194660030491,-0.00546150834666,-0.0164023142907
2025-02-06,0.00347529614939,0.00370072691886,-0.0181787180023,-0.0020430391758,0.00975695102727,0.00619856193683,-0.0158562890734,-0.00770413912602,0.00261751859926,-0.00904114296409
2025-02-07,-0.00638551805859,-0.0122564738457,-0.0202094479685,-0.0131533694038,-0.00628395884114,0.00124652782076,-0.0235116550431,-0.00373677622295,-0.0116552258127,-0.00473870686811
2025-02-10,-0.00985958342265,0.00452456888377,-0.000542840322114,0.00187197088464,-0.0123416970363,0.0047406313002,-0.00850764003359,-0.00101580513146,-0.010355770363,-0.00247542268708
2025-02-11,-0.00839876994129,-0.00783186031488,-0.00776619105866,-0.0183493476677,-0.00247605758709,-0.00616122034571,-0.0210534553711,-0.0197582313708,-0.0151097940567,-0.0271014459412
2025-02-12,0.00316878082828,-0.000758594827176,0.00280006386838,-0.00338654976453,-0.00668658983845,-0.00342988060428,-0.00462457388071,0.0074230029617,-0.0149305171816,0.0153158075095
2025-02-13,-0.00534585999878,-0.00231937063313,-0.00753014769939,-0.0101777929348,-0.0107383349698,-0.00830308257537,-0.000488060426161,-0.00472713630141,-0.000370084652989,-0.00793487228921
2025-02-14,-0.00168015073613,0.00892794781699,-0.00758728132054,0.00629700873397,0.00710879271612,0.00477390724556,0.00134151396187,-0.0013578049196,0.000945286256294,-0.00799849212559
2025-02-17,0.0131881769819,-0.007127978829,0.00765600590681,-0.00774309437893,-0.00762441687071,-0.000789201381813,-0.00403003274027,0.00475500218582,0.00626506948385,-0.00489198348458
2025-02-18,0.00331356771523,-0.00649512763244,-0.00261442366825,-0.0080485862304,0.00522440006808,0.00908192795472,-0.00823249612778,-0.01444222356,0.000408120303198,-0.000527853842238
2025-02-19,0.00240565078429,0.0148523098241,0.00206458183519,-0.0232729334736,-0.0224703755984,-0.00767931670927,0.00283367652086,-0.0200604315452,0.00167134336253,0.017164730531
2025-02-20,-0.0234905520769,-0.00931680214707,0.00329443836808,-0.00124280603161,0.00789344869125,-0.0145597219546,-0.0107614198045,-0.00104480778276,0.00451144560377,-3.0458838084e-05
2025-02-21,0.00319567119219,-0.0136939472223,-0.0106083751702,0.00174475864866,-0.00557676124835,0.00776213506566,-0.0028643795264,-0.0028511861598,-0.00394125012437,0.0119256213948
2025-02-24,-0.00914068612958,-0.0119120694638,-0.00778639748564,-0.0295936002867,-0.0284448663371,-0.0338771050942,0.00249120861278,-8.91956703052e-05,-0.0111352033058,-0.0174663820081
2025-02-25,0.00312558971519,0.00474928009617,-0.00770688830298,-0.0126077763833,0.00203870748633,-0.00484731423627,0.00731342686267,0.00793210351128,-0.00872432865226,-0.00980952358076
2025-02-27,0.0108483651948,-0.00138976169224,-0.00989549347416,-0.0046947470192,-0.00192523981632,-0.0042265367558,-0.00806002439001,-0.00637176732443,0.00257136355904,-0.00509674745222
2025-02-28,0.0184677835696,-0.0151246323001,-0.0216853157207,-0.0364481452168,-0.0443874220849,-0.0338017710093,-0.0165709050657,-0.0246676597172,-0.00581590014037,-0.0143254658031
2025-03-03,-0.0179681549906,0.00174244423268,0.00939234354957,0.00280950592982,0.0123077206395,-0.00168408416976,0.00618334984996,-0.00613659302196,-0.0243333681912,0.0105170511774
2025-03-04,0.00495377374984,0.00347601146841,0.0294065911247,0.0111031983688,-0.0119521793066,-0.0237469829479,-0.00656318241282,-0.00899830261852,-0.00801491737431,0.00489832184199
2025-03-05,-0.0117648611634,0.00436906135602,0.0197739055504,0.00423778674382,0.0136480206378,0.0240966963486,0.0255045068674,0.00605372295897,0.0117220090399,0.0082602469692
2025-03-06,0.00070977120431,0.00193127013754,0.00232493906967,0.0152619337726,0.00253841930483,0.00791540550508,0.00160359178367,0.0220996766774,0.0285110482645,0.00623116801454
2025-03-07,-0.00115369931123,-0.00287752079614,0.00095576405475,0.00266185547938,-0.0175498069285,-0.017497377578,-0.0044466455742,-0.00651068291213,0.0326939358492,-0.00467360481472
2025-03-10,-0.00103645022802,0.000246934334044,-0.00526795586385,-0.00598543766682,0.00912199514863,-0.00556758302666,0.00271968067268,0.019406245257,-0.00916329404005,-0.0208652172292
2025-03-11,-0.00118585274292,0.02483614015,0.00130246314092,-0.00400551219983,-0.0236999162596,0.0119018992598,0.00295868784495,-0.0137973496445,0.00716093620071,0.0055703016028
2025-03-12,0.015103313032,-0.0011649724857,-0.00936062760895,-0.0195163888348,-0.0435124304115,-0.0175332455689,0.0151479284957,-0.0109074656592,0.00778657562232,-0.000563536230769
2025-03-13,-0.00266248905832,0.00489184839269,0.00661659602615,0.00138232222762,-0.00693855527659,-0.00380438783938,-0.000848923201269,-0.00828806276152,-0.00730566368641,-0.00199022159764
2025-03-17,0.0022241226634,0.0150455510488,-0.00647836488059,-0.00380948924166,0.00643566627819,0.00675342896747,-0.0100001230862,-0.00163372721749,-0.00727862525422,-0.00435493778015
2025-03-18,0,0,0,0,0,0,0.00281502800743,0,0,0
2025-03-19,0.0195114256679,0.0341615749326,0.0299017228512,-0.000171486429345,-0.00220369439664,-0.000453113516923,-0.0148990529693,0.0131771191523,0.00667747386983,0.0450099820403
2025-03-20,0.0140344201362,0.00652800557333,0.00595457794119,0.0187109131777,0.0181136784046,0.011299175767,0.00223056401738,0.0190665759395,0.0174863471324,0.00944455012592
2025-03-21,0.000904186247584,0.0160615796678,0.00485781721954,0.00418692000469,-0.0143390227315,0.00300460004415,0.00395304287283,0.00169320094917,0.00565711591522,0.0191817988134
2025-03-24,0.0166093858757,0.0111432183577,0.0359882228824,0.0141114436232,0.000125609048871,0.0236224450234,0.0131056157663,0.00444201198565,0.0199739137206,0.0191081668271
2025-03-25,0.011846220454,-0.0106965707811,-0.0102340537338,0.00790489745728,0.0221664216166,0.0128522446257,-0.00268065679024,0.00667047499839,-0.0128694970107,-0.00352441204303
2025-03-26,-0.00821390846824,-0.00582175861955,-0.0115171576878,-0.00601912282134,-0.0179687340124,0.00521749298482,-0.00599636472867,-0.0112238687714,-0.00969324924565,-0.00717348894465
2025-03-27,0.0103527829504,0.000561263148296,0.0108052862691,0.00422666922551,0.00256011600577,-0.00199183275981,0.0051419735844,-0.000578915381606,0.00403718630983,0.0163542000775
2025-03-28,0.00156012506724,0.00871510566449,-0.00103642949415,-0.0124150779654,-0.020730347615,-0.0233668102464,0.00073244813638,0.00630612255021,-0.00242825402772,-0.00265947933333
2025-04-01,-0.0335677475046,-0.0224248890412,0.000259249162945,-0.0154678113804,-0.0285120644411,-0.0398085889694,-0.00759438543576,-0.0111291027773,-0.0178032317323,-0.0160197489615
2025-04-02,0.0162988089076,0.00966165850465,0.0054922350839,-0.00193110565366,0.0153742258156,-0.0018313283674,0.00588458419791,0.00181124638532,-0.00115819423969,-0.00492953991344
2025-04-03,-0.00114150251059,-0.00127778969496,0.00417961796642,-0.0405403649507,-0.0352227863822,-0.0383348520075,0.000855226237418,0.00296719661262,-0.00196016194219,7.30461677998e-05
2025-04-04,0.0124304812225,0.00431548829796,-0.0151944194438,-0.030960893621,-0.0304281237795,-0.0331957001066,0.000732537560419,0,-0.0358724552969,-0.0479111512532
2025-04-07,-0.0333458380828,-0.0364148246799,-0.0271419740188,-0.00771284870395,-0.0385526926064,-0.0343356974101,-0.00894888054942,0.00215833236309,-0.0329087538479,-0.0605843765564
2025-04-08,0.00649316460472,0.00954612969978,0.0286393481998,0.00575608621475,0.0226868633308,0.0210632959179,0.0158810378349,0.0175607027348,0.0140553770484,0.02973130656
2025-04-09,-0.00234854096786,0.000692104036703,-0.0349518715718,-0.014175482572,-0.0177234227454,-0.0167788722723,0.00904883187538,0.026191212102,0.00266099483501,-0.0344188125396
2025-04-11,0.023378951222,0.0083064035195,0.0155745487027,-0.00466193863728,0.00408803889848,0.00761605359587,0.012532221863,0.00684879064686,0.0279516919904,0.0200327673479
2025-04-15,0.0316777530473,0.0289667869072,0.012719707637,0.00515457277621,0.0116737218372,0.0255243780585,-0.00273177576346,-0.00196705836771,0.0172022551494,0.0444566510781
2025-04-16,0.0069999351369,0.00458148058124,0.010747609235,0.00785041914137,-0.00908742628036,0.00363857869506,0.00958768559254,0.00215726845065,-0.000645268928537,-0.00922091415896
2025-04-17,0.0151665862915,0.0364124004878,0.0327584173036,0.00763775107514,0.00451871323682,0.00439088284861,0.00657503766942,0.00354304672075,0.0280071926722,0.00605404140313
2025-04-21,0.0106423341808,0.00220130838984,0.0238527452486,0.006857480949,0.021948355645,0.030139273801,-0.0103518026598,-0.0101566341903,0.0163427698102,0.0101720120433
2025-04-22,0.0177951757878,0.0047411201532,0.00695510118761,-0.00217011127143,-0.0196261481384,-0.00141803540689,0.025104853398,0.02008612725,-0.00332479791677,-0.00694372945047
2025-04-23,-0.0194570196069,0.00556168718377,-0.0109425004082,0.0293152854529,0.0359633391042,0.0742719844968,-0.00636237469584,0.0104096630943,0.00679230619934,0.0131733011656
2025-04-24,-0.00369726112656,-0.0153516784782,-6.1479747434e-05,-0.0033457631891,-0.00237586116618,-0.00459014614128,-0.00185851146123,-0.0414873385071,0.00123001472552,-0.000121140580558
2025-04-25,-0.00292588252087,0.00149601455294,-0.0183001635081,0.0135483093575,0.00596284755735,-0.00537146858991,-0.00524572012062,0.00296277977267,-0.000922345506811,-0.00867224358427
2025-04-28,0.00469802189692,0.0169399420511,0.0231445248857,-0.00130595005648,0.0012827692719,-0.00701070245887,0.00233482060684,-0.0058484534245,0.0512625127881,0.0167290938709
2025-04-29,-0.00595443694051,0.000699702815442,-0.00588993979191,0.00838637297219,0.0103371997342,0.0126352191754,-0.00655126926869,0.00133602159714,0.0223234425897,-0.00150381336336
2025-04-30,0.00845106168588,-0.00196035080207,-0.0298547572666,-0.00542865416189,0.00173465202812,-0.000956459833545,-0.000469534078152,0.00874841956433,0.00377938743183,0.00561281948535
2025-05-02,-0.0016116331889,0.00217002742673,0.0101555951465,-0.00659432377905,0.00452283662033,0.00312110364022,0.00865191747502,-0.0100844411615,0.0104787550431,-0.00182744863028
2025-05-05,0.0077228187734,-0.000489516360315,-0.00844528041163,0.00676803948956,0.00112745627424,-0.00241957753384,0.0171971192119,0.0128559685646,0.00806715793896,-0.00141034495438
2025-05-06,-0.00263672756077,0.00153784708174,-0.0203318787215,0.00164883310309,0.00192036384697,0.00667142074156,-0.00320921182661,0.0140369975981,-0.00729270489776,0.00114043600578
2025-05-07,0.0071699567035,0.00265094360001,0.00258029586189,-0.00431572112235,-0.00211920933506,-0.0100558950126,-0.0101536055283,-0.00462906437152,-0.010541705203,-0.00378639463542
2025-05-08,-0.00882783992915,6.95668015325e-05,-0.00919045193932,0.00110243381078,0.00205320065121,0.0110686285002,-0.00127644254164,-0.00672917800941,0.000710997004914,0.00075239310715
2025-05-09,-0.0203244799413,-0.0330010500824,0.0132410014988,-0.00249664640665,-0.00251744083967,-0.00717418786744,-0.0165080713246,-0.00938615714235,-0.0214072874238,0.0354657004777
2025-05-12,0.035096829987,0.0420164480907,0.0283402453786,0.0510257589905,0.0761573897549,0.0623097764651,0.0278232364683,0.0210382639122,0.0421571199073,0.0407674668228
2025-05-13,-0.01783639266,-0.0124346445287,0.000124678732167,-0.0295448897143,-0.0364928909044,-0.0308240764802,-0.0176052240506,-0.00948869216673,-0.0145855180153,-0.00564706525388
2025-05-14,-0.00626111816978,-0.00308039156006,-0.00131049632347,0.00954170940853,0.015058851143,0.0111134876969,0.00280049273592,-0.00403354714797,0.00612654837844,0.00170871015174
2025-05-15,0.0120696701538,0.0171016245703,0.00876621121898,0.00875351662114,0.0128534163125,0.0349799156958,0.00823901192881,0.00199747795635,0.0207052979227,0.0125430763018
2025-05-16,0.00046528927327,0.00220323346633,0.000315707609299,-0.00520919837142,-0.0144246064218,-0.0215152085772,0.00702494748603,0.0110629959522,0.0015117082836,-0.00373810627
2025-05-19,0.00206530819238,-0.00344466743307,0.00365444257886,-0.012005505297,-0.0191135191246,-0.00622456349669,-0.000803656598238,0.000545680682173,-0.0107691209844,-0.00124914709384
2025-05-20,-0.0123522154222,-0.00748140204772,-0.0118306335128,-0.00584283897834,0.00051272159668,-0.00687366262277,-0.00103414775276,-0.0176133348345,-0.0113074308003,-0.00904021866022
2025-05-21,0.00619521237926,0.00450931011046,0.00184381253793,0.00783007776776,0.00504936700612,0.00832751918344,-0.00437839791903,0.00969170097165,0.00322372663814,0.00592440791905
2025-05-22,-0.00358745946403,-0.00180126751024,-0.00235310935145,-0.0139374666015,-0.0134790993808,-0.0115679279427,-0.0160637110456,-0.0141439385731,-0.0139506933002,-0.0105317499233
2025-05-23,0.00711032238663,0.00532530765941,0.00666351755506,0.0107557518299,0.0111174214261,0.00926499173852,0.0236560347898,0.0121539256295,0.0122701469252,0.0135641365259
2025-05-26,0.00340756472789,0.00742159380636,0.00492151592381,0.00643819074432,0.0099831782503,0.0152932419656,0.0150139488994,0.0146846836025,0.00559121610368,0.0134649254164
2025-05-27,-0.00718991856473,-0.00976954490473,-0.000881577368381,-0.0109722899349,-0.00660183970962,-0.0129298229004,-0.0205299839187,-0.00582280079576,-0.00889084679806,-0.00238722977452
2025-05-28,-0.00145465633196,0.0051031316824,0.00358429638861,-0.000285941573459,0.00108209819891,0.00314263909116,-0.0138258194412,-0.00767590710011,-0.00649031290661,0.00172926910748
2025-05-29,0.00207732143966,0.00185543289772,0.00100381743598,0.000114430591822,0.00874146903938,0.00445510629615,-0.00345677873879,0.00198797496646,0.00346212158932,0.00246520856513
2025-05-30,0.0089868316388,-0.00737340606315,0.0185760088447,-0.00996924668802,-0.000575855766963,-0.0170239878319,-0.00167304715259,-0.00780499833192,0.00218403267831,0.00540222907527
2025-06-02,-0.0066031434384,0.003245422656,0.00166058535732,-0.00393445025152,-0.00571151198511,-0.00312112574767,0.00298559610618,0.00987333713277,-0.00508014566849,0.00122370450708
2025-06-03,-0.00388932246699,-0.00872456219313,-0.00474302981074,-0.0130126624318,-0.0069749794906,-0.000674391881282,-0.00562020700785,-0.00817132511857,-0.00581716009373,-0.000219459661432
2025-06-04,0.00858821519509,-0.00481029677363,-0.00408341454765,0.00168730367729,0.00530023750393,-0.00264099118074,0.00011981852522,0.00517296619828,0.0127254740014,-0.00503351511212
2025-06-05,0.00431785964372,0.0164950841088,-0.000620158691015,-0.00290273179745,0.00199649898309,0.00386690609394,0.00502335280141,0.00502015091988,0.0131897516967,0.00442973566728
2025-06-06,0.0148157773585,0.00336237894134,0.00870886307238,0.00387839133975,0.00609347070622,0.00324136211668,0.00464202748514,0.00562295054133,0.000762323281446,0.0037539673077
2025-06-09,0.000101119197668,-0.0172054093672,0.00857275577242,0.0110783460391,0.00580229273632,0.0064517643026,0.00473875917026,0.00142177607501,0.00366491950585,0.0061620748181
2025-06-10,-0.00689617706496,-0.00832845674754,-0.00366504284998,0.0119105090865,0.0145794380057,0.011940794118,0.00929367965458,0.000835296867945,-0.00713479550514,0.000244625714672
2025-06-11,-0.00761039790484,0.00567640306458,-0.00245084575841,0.00259560951184,0.0217541246396,0.0317431741363,-0.00199265085799,-0.00788002348428,0.00720379995532,0.00135785390801
2025-06-12,-0.00359555002154,-0.00406129257895,-0.0112277132965,-0.0109180766572,-0.0138904302298,-0.0120944747184,-0.0121586059583,-0.0185603205333,-0.00505099058684,-0.0221997163986
2025-06-13,-0.0133646187446,-0.00640554519243,-0.0170185607296,0.00334310824673,-0.00411138371661,-0.00347421504614,-0.0170083926454,-0.00589030336061,-0.00954881857244,-0.00458886800371
2025-06-16,0.00923961876417,0.00759762924921,0.000189364038181,0.0145782167102,0.013516288738,0.0162072565536,0.0103354724093,0.00361553231993,0.00690938423209,0.011446718197
2025-06-17,-0.00300128474686,-0.00259632690844,-0.000252414929649,0.00541965092655,0.00986617723401,0.00382315864333,-0.00191484354434,0.000515624073221,-0.00460097636684,-0.00176521772255
2025-06-18,0.00222600624879,-0.00747588637402,-0.000504942615989,-0.0183449102526,-0.00427768341086,-0.0079524084781,-0.00360020593388,-0.0135327580471,-0.000768877357383,-0.00575877822037
2025-06-19,0.000723681278128,-0.000920650399642,-0.00862413634513,-0.007970588419,-0.00891957278256,-0.00116622400322,0.000240458427929,-0.00135033064881,0.00223519607374,0.00542748675892
2025-06-20,0.0150771210957,0.0111330819561,0.0139766172365,0.00341127284583,0.00277665612055,0.0150561414344,0.00611104967691,0.00521693225695,0.0226944395468,0.0112315354639
2025-06-23,-0.0083310291462,-0.00491719203028,-0.00750155228085,-0.0123292794457,-0.0242613834298,-0.0213188595108,-0.0111719310359,-0.00311574833803,-0.00643172954133,-0.0216136915046
2025-06-24,0.00639506352863,0.00281280887558,0.00655903023981,-0.000943606444846,-0.0015163648076,-0.00671576195705,0.00108671557259,-0.00528838946845,-0.004127107303,0.00587053097311
2025-06-25,0.00979430657492,0.00119309125175,0.0058290413815,0.015918051539,0.0208360842448,0.0148437711803,0.00481512305983,0.00686934808206,0.0113088743289,0.00415250560501
2025-06-26,0.0207903883353,0.00928481784755,-0.00375675780716,-0.000871233681303,0.000680898198961,0.00406834197288,0.00944245572136,0.000921200067423,0.0189028704975,0.0109350814902
2025-06-27,0.00752229749728,0.0159242040325,0.0104216272779,-0.000203431724856,-0.00496273788541,-0.000464048313548,-0.00393342714178,0.0113782960452,0.013352542735,0.00534148229308
2025-06-30,-0.006672623697,-0.0112793034181,0.018392037868,0.00605524811535,-0.00386317314145,0.0030707244275,-0.00526883001516,-0.00534593234245,-0.00981444082802,-0.0025581745066
2025-07-01,0.0052820338624,-0.00959080877947,-6.09745313592e-05,-0.00937367108705,0.00311671245363,-0.00597636445647,-0.00324698053869,0.00039205973413,0.0183564321571,-0.000845104614941
2025-07-02,-0.0130563683784,-0.00293722579809,-0.00906195719016,-0.00186776499409,0.00229998324056,0.000174661993209,-0.00519293866716,0.00504071330194,-0.00630089879911,-0.0192475170388
2025-07-03,0.000553687505772,-0.00133156170825,-0.00716062753739,-0.00659434604054,0.00507865460758,-0.00390626756031,0.000968197374054,0.0027269012222,-0.000658561622597,-0.00387205495244
2025-07-04,0.00110658121723,0.0117823736448,0.00586801384806,0.00557142058166,0.0134995600148,0.00814483947654,-0.00193733306281,0.0111334258712,0.00623957875973,0.00326028403761
2025-07-07,-0.000955594583111,-0.00493310721653,-0.00617777610847,-0.00237133467842,-0.00838500651639,-0.00902149948906,0.00868843986576,0.0299410104024,0.00925438406139,-0.00367898776756
2025-07-08,0.00701968857535,0.00437848034884,0.00716276158662,-0.00161340653769,0.00716528364574,-0.00134560607386,0.00251999906749,-0.00737033377542,-0.00253326888523,0.00695622542236
2025-07-09,0.00488453984823,-0.00702878273782,-0.00209414013717,-0.0065979284553,-0.00305579313698,-0.0201656513304,0.0053785776886,0.0127490656308,-0.0121704882285,-0.00743102344073
2025-07-10,-0.00248913983044,-0.00546217746712,-0.00364433968677,-0.000532163952841,-0.0110171344909,-0.00617197269488,-0.00621789756935,-0.00620878703791,-0.0011857457251,-0.00139774842092
2025-07-11,-0.0112785386842,-0.00154603952062,0.000804205896997,-0.034901180257,-0.0130192726462,-0.0153847936073,-0.000120015217657,0.0451375142983,-0.0146064790991,-0.00958501376859
2025-07-14,-0.000352932174089,0.000773274952824,0.000247235181288,-0.0133465769225,-0.0155443133948,-0.0113564281575,0.00621864154107,-0.00119133575802,-0.00772105985132,-0.0127054084708
2025-07-15,0.00628380451979,0.00546647525468,0.00935221160552,0.00914288921905,0.00969620032883,-0.0335227515821,0.00641719192223,0.00408444609722,0.00114519780487,-0.00054363297767
2025-07-16,0.000400761414658,-0.00307996011595,0.0185061197353,-0.00253293878993,0.0139661677555,-0.00230081012833,0.00590526540746,-0.00368717645912,0.000134603970705,0.00280091574087
2025-07-17,-0.00471984072584,-0.0054129059781,-0.0032516776601,-0.00741986241426,-0.0152913916129,-0.0121675225784,-0.00153204767316,-0.00310305521606,-0.00621194625887,-0.00854141734853
2025-07-18,-0.0149585793981,0.00499224665892,-0.00683880404298,-0.00603204538869,0.00164044904478,0.0109716719482,-0.00283453628398,-0.00808098925914,-0.000270987330094,-0.00265177855327
2025-07-21,0.0217801285981,0.0276680626059,0.00103192423101,-0.00998733258591,-0.00113537192183,-0.0119512762173,-0.00628820712534,-0.00997078236681,-0.0326408527192,0.0109077774874
2025-07-22,0.00329371522796,0.00530719750675,-0.0112251100299,0.000443205365628,-0.00849399764262,-0.00675310742751,-0.00980751256639,0.00598631219678,-0.0111213592462,-0.0109654829058
2025-07-23,0.00853314210364,0.0101277197028,0.00690862825757,0.00615266483489,0.00228903421487,0.0063609134584,-0.00252720055192,-0.0118863350565,0.0083175260502,0.00584212723398
2025-07-24,-0.0050019316145,-0.00349934490353,-0.00605008098459,-0.0098307074618,-0.0140712425585,-0.0148833836191,-0.0121228439158,-0.00515523745894,-0.0153495177226,-0.00212568965142
2025-07-25,-0.00229208822613,-0.0042561052974,-0.0112808061828,-0.00388305089964,-0.0239891550086,-0.0114104737969,-0.00134258330897,-0.00923117722242,-0.00801560420456,-0.00999952368363
2025-07-28,0.00194363629028,0.00762102529492,-0.0117229691242,-0.0181820378792,0.000197885829869,-0.0162373404417,0.00122062603335,0.0107887564557,-0.00295041866293,-0.00603051593047
2025-07-29,0.00650109328671,-0.00147920008059,0.0025683208736,-0.0075954385588,-0.00151834943454,0.00428794324597,-0.00354371671133,0.00490281489412,0.0210369067592,0.0212214665488
2025-07-30,0.00207543190957,-0.00256013172067,0.00306087082088,-0.000785683994789,0.0034953904106,0.00278061098225,-0.00208324257215,-0.00662456619477,-0.00495190458898,0.0473505575121
2025-07-31,-0.00375870697665,-0.000674783204065,-0.00638220768293,-0.00551680562059,-0.00660505841146,-0.00584153785081,0.0106157505007,0.0338031442844,-0.0142130019193,-0.00783397572764
2025-08-01,-0.00297735695102,-0.00663735356982,-0.00320640470656,-0.011192654974,-0.0264570325072,-0.0108220360694,0.010864366364,0.0128083327003,0.00251450291921,-0.013621789444
2025-08-04,-0.0100894911128,-0.00572442378039,0.00213871903759,0.0234979151651,0.00738964442675,0.0152403540115,0.000960064157889,-0.0039236411966,0.0126908784614,0.0121357721067
2025-08-05,-0.00725520399368,-0.0129317490955,0.00613920535793,-0.00342108177127,-0.0137379611126,0.00561364334242,-0.00649827621137,-0.00354440971038,-0.0141269629687,0.00590366628675
2025-08-06,0.00388610477045,-0.000554012279833,0.00566720512687,-0.0103671561665,-0.0162930827331,-0.0132390145119,-0.00520488158682,0.000355026439266,0.000790084001025,-0.00664757181265
2025-08-07,0.00507449485354,-0.00228853978289,0,0.00483615176828,0.000139152713515,0.00837117757875,0.00387600014007,-0.00716398226523,-0.0024439929978,0.00363141911914
2025-08-08,-0.010833228885,-0.00305961391881,-0.00105627540432,-0.00348497596281,-0.00965036884064,0.000135415656246,0.00217367090919,-0.00753565383402,-0.0156684627663,-0.0093804199275
2025-08-11,0.0109334082098,0.000487300948876,0.0235304740543,0.00144811419657,0.00357726016657,0.00830064862198,0.00565348674893,0.00789300674909,0.0133625610529,0.0167128753974
2025-08-12,-0.0129619184795,-0.00252838995308,-0.00346707914186,-0.00177761130105,-0.00287477846866,0.00743185648521,-0.00120026272231,-0.0138340018779,-0.00419280809842,0.00481339393245
2025-08-13,0.00526552937367,-0.000844219261723,0.00152208775622,0.000263757114807,0.00175395953881,0.00133331623529,-0.00541873389472,0.00453922466283,0.00159237497683,0.00205964461573
2025-08-14,0.00543889498036,0.00456446759462,0.00570256337104,-0.00458876215035,0.0146820129131,-0.00755629008943,-0.0064199819638,-0.00582840184294,-0.0023991104809,-0.00453142702013
2025-08-18,0.00625831787046,0.00510146044875,0.00133000101497,-0.00367934052832,-0.00825388543915,-0.0032271120972,-0.0125957470833,0.0346659590743,0.00573391738343,-0.0114605597592
2025-08-19,-0.00625831787046,0.00118429990816,0.0033171344612,0.00165903105957,0.00292103010169,-0.00601129707101,0.00686784905345,0.0141894825854,0.0274126641696,-0.00609816886871
2025-08-20,-0.00145752628435,-0.00397642291182,-0.00174766039591,0.0269525661002,0.0382853500275,0.0133914151093,-0.0074833441273,0.0246477107053,-0.00501214345593,-0.00574578172918
2025-08-21,0.00150775653653,0.0107071764045,-0.00392831344226,0.00129015810764,0.000133703958683,-0.00167254660611,-0.0012321278177,-0.00819899436508,0.00831637375396,0.00563503370877
2025-08-22,-0.0134488240363,-0.00666107699859,-0.0115108749052,-0.0157884119658,-0.00596540918593,-0.0183801761231,-0.0180387465179,-0.006858846435,-0.0110093680862,-0.00466122451508
2025-08-25,-0.000254514595296,-0.00223034150103,0.000245009605086,0.0279617942189,0.0295424724676,0.0255190341529,0.00263286595746,0.000646267562894,0.00240984424303,0.00202811749504
2025-08-26,-0.00884707886595,-0.0116500424865,-0.0105893068758,0.00527165422961,-0.00163308380132,-0.0076076693931,0.00996647323132,0.022915243179,-0.0198040389073,-0.0173007442375
2025-08-28,-0.0161561826809,-0.0124305048522,-0.00733013240032,-0.0203178525215,-0.0194744349886,-0.0292278990974,-0.00609271524032,-0.0142886655488,0.000721875363406,0.00529474704545
2025-08-29,-0.00649420663431,-0.000929550610759,0.000685620447471,-0.00291332298468,-0.0205415817443,0.00344278333924,0.0218352101821,0.0020323001825,-0.020926051911,0.0114229546248
2025-09-01,-0.00105145168452,0.00939906630719,0.00441389193279,0.00900402573001,0.0200748632472,0.00930500117935,-0.00956356567092,-0.00387996559779,-0.00243442085097,-0.000722310688617
2025-09-02,-0.00643759199828,-0.0119778949083,-0.00267082257312,-0.000353463546015,-0.000467020912205,-0.00184059264719,0.00221513274557,0.0103258116698,0.00926339602669,-0.00655210368002
2025-09-03,0.0104795453549,0.00200632023561,0.0102101126432,-0.00450956003367,-0.0131643047605,0.000272971616303,0.0122175589385,-0.00460532906507,0.00445400573368,0.0072188915931
2025-09-04,0.00709923005973,0.00606604206113,-0.00339180112156,-0.000581370301209,-0.0109445805377,-0.0156736194443,0.0100284565062,0.000712869762584,-0.00973687577168,-0.00227984697622
2025-09-05,0.00223420773612,-0.00192282909397,-0.00346543177571,-0.0154299182818,-0.0126567855202,-0.0169798470322,-0.0207720339812,-0.0125286583023,0.0114839165421,-0.0109150125221
2025-09-08,0.00269512012257,-7.13454510174e-05,0.00272381664043,-0.00965838154983,-0.00813195352475,-0.0113395731512,0.000490870922385,-0.00361395621559,0.00254221648122,-0.00677661568447
2025-09-09,-0.000880252305461,0.00071261168165,6.18414771373e-05,0.0100190886949,0.0486272779618,0.0170317365803,0.00611544695806,0.00687447672356,-0.00166997298798,-0.00130415939739
2025-09-10,0.000776774982281,0.000142496492297,0.0114933180015,0.0196779517275,0.0186379180727,0.0254596463575,0.00728950965683,0.000567619136142,0.000581192022956,0.0070672021912
2025-09-11,0.00196507389683,-0.00163962947624,0.00663889285771,0.00455553074521,-0.0150547153967,0.00259236394099,0.00483039606376,-0.00816638119269,0.00456481108442,-0.00290564561417
2025-09-12,-0.000516723433456,0.0114213482036,-0.000121464139369,0.00294049019004,0.0104768572228,-0.000340767158952,-0.00313711366721,-0.0159543083851,0.00842244075093,0.0112649665178
2025-09-15,-0.000258526036115,0.00119849594493,0.00145606947721,-0.00688537367555,-0.0113382545453,-0.000477129977862,-0.00266210581187,0.000193783984437,0.00307765403795,0.00178615596714
2025-09-16,-0.000206804789439,0.00154868730307,0.00821115180911,0.0108030797511,0.00192080594675,0.0112559237375,0.00108992816505,-3.8715269403e-05,0.00427871011696,0.0224989090142
2025-09-17,-0.000362059470852,-0.00168962760233,0.0303215027621,0.00857801560364,0.0073178152733,-0.00107946164465,-0.00924140303318,-0.00434910488061,0.00603035212749,0.00481417949856
2025-09-18,0.0107030423622,0.0017599379742,-0.00327206377171,0.0012283881801,0.0118838312292,0.00826819987633,0.00548218555908,0.00663247467282,0.000848315978152,0.000135644897385
2025-09-19,-0.0102892616422,-0.0138108607785,0.00932032942616,-0.00236360730277,-0.000259670113565,-0.0178311764106,-0.00218926902259,-0.0105705787353,-0.00538544293064,-0.0028799140513
2025-09-22,-0.0027963321438,-0.000499299752601,-0.00826741621048,-0.0305647331598,-0.0267805933026,-0.0189184891301,-0.00905083244132,0.00491062070868,-0.0120087918593,-0.00844277943199
2025-09-23,-0.00728638670364,-0.00515056733487,0.0177887727734,-0.00371563876853,-0.00133465435599,-0.00703904798036,-0.00925764124054,-0.0196300708113,-0.000575329902087,0.00358804144184
2025-09-24,-0.00644570720245,-0.00835449692878,-0.00506671543773,-0.00885579468327,-0.00193843953438,0.00870444378335,-0.00547135639904,0.01076577604,-0.00490486753543,0.00441939747122
2025-09-25,-0.00126263104598,-0.00500261767753,-0.00584710698056,-0.0260326434631,-0.00657850360582,-0.0129096217996,-0.00224685177633,-0.00440268909435,-0.00769397083904,-0.00803490238477
2025-09-26,-0.00506619894013,-0.0118449369046,-0.00488917427071,-0.0199100918988,-0.0244754177482,-0.0202200202618,0.0124193695755,-0.0104950391908,0.00378179142429,0.0230825057186
2025-09-29,0.00553985610425,-0.00849430731277,0.0159753420525,-0.0010354079433,-0.0049123294032,-0.00567786912898,0.0052933013477,-0.00554929664553,-0.00349043793335,-0.0110814691522
2025-09-30,0.000736390635301,-7.41491296775e-05,0.00195046217411,-0.00266227969725,0,-0.00165912672844,-0.0140952108661,0.00658386169137,-0.00643090646767,-0.00800283564
2025-10-01,0.0148730511559,0.0176474848649,-0.00961690613898,0.00889264948654,0.00277043980372,0.0031716171915,0.0100354841079,0.00863276475172,0.00343980698585,0.00308351033113
2025-10-03,-0.000103557728734,-0.0049686003491,0.00369647076778,-0.00422967006134,0.00055316810972,0.002874477045,-0.00321032206299,0.00342443521641,-0.00387973441755,0.0169656078543
2025-10-06,0.00856289151674,-0.00131932866024,0.0077526539477,0.0293725119316,0.0201197586087,0.017217335059,-0.00881940290601,-0.00121879599404,0.00847216386281,0.00104417062019
2025-10-07,0.00925389954108,0.00912648838477,-0.0107549544204,-0.00493121897903,-0.0119272432326,0.0110134808649,-0.00237329304395,-0.0097254147127,0.00710198294119,-0.00195537720207
2025-10-08,-0.00387516920668,-0.00407830714067,-0.00748721554382,0.0178311624917,0.0247177190195,0.0137186733983,-0.000125133745598,-0.00681638813766,-0.0126446175005,2.6835376153e-05
2025-10-09,-0.00163623037661,0.00429622815719,0.00447580203811,0.0113321710241,0.00951980885314,0.0226564514445,0.000375114165679,0.00697535605118,0.0075769245106,0.0105081401902
2025-10-10,0.00388156601936,0.00297493108529,0.0212890721524,-0.0109688661856,0.00370342446606,0.00603617441724,0.00722571912549,0.00447832126406,0.00282653319923,0.0039188463427
2025-10-13,-0.00398386776759,-0.000652319468389,0.00260830369574,-0.00699192242058,-0.0144280019957,-0.000535110013736,-0.00885239139243,-0.0143778459694,-0.00486082315047,-0.00383925139657
2025-10-14,0.000153543941233,0.00340144079224,-0.00681863528093,-0.0157188367652,-0.00221237779327,0.00046821558745,-0.00615547630353,0.00380375760264,0.000654343065892,-0.00670769798789
2025-10-15,0.00112507883653,0.0102786827546,0.0103798159293,0.00692668118677,-0.0104578309778,0.00020058454551,0.00778214857047,0.00665165985142,-0.00116356282702,0.0222906069055
2025-10-16,0.0163239603671,0.0134249769163,0.000958812491758,0.000303033135397,-0.00196892559472,0.0128211459528,0.0130429442601,0.0167310204585,0.0173126887591,0.00860812912342
2025-10-17,0.00821278226957,0.0135254853105,0.00247736766984,-0.00286546752412,-0.0208755343719,-0.0112405728089,0.0171299027632,0.0163404737893,0.0131436364533,-0.00581729739117
2025-10-20,0.000398904839156,-0.032759595398,0.0204276032821,0.0177339575138,0.0136459618908,0.00617122085264,0.00218131000884,-0.00357831886176,0.0346822727308,0.00863580511234
2025-10-21,0.00472486278839,-0.00598789932716,0.000385541223321,-0.00282294925993,0.00784102146029,-0.00630580724801,-0.000484255618179,-0.00104110564632,-0.00109141563205,0.00399439458974
2025-10-23,0.00109098893988,-0.0133301030442,0.00406731802948,0.0218761757804,0.0373931099847,0.0251849947691,0.00748073697695,0.00381260947537,-0.0115322359545,0.00781366668905
2025-10-24,-0.0140253450507,0.0102138297949,-0.00776413985933,-0.00325923574753,-0.00203014976254,-6.56261516134e-05,0.00204138829117,-0.0332974527597,0.00220691830551,-0.00352785180041
2025-10-27,0.00820949332239,-7.25559718181e-05,0.0199760515546,0.00705905779931,0.00139671975274,0.00634543834928,0.00919464155885,-0.00182964142486,0.0221420749168,0.0048284867096
2025-10-28,0.00059802814537,-0.0105813402826,0.00809500548285,-0.0087908339661,-0.00286214433705,-0.00746174237052,-0.00655893029568,-0.00586946720949,0.00188496754395,0.0124105251732
2025-10-29,0.00427563959092,0.00534118116199,0.010160508181,-9.80100684467e-05,0.00677612136996,0.022862614966,0.0088148728976,-0.0036107733677,0.0115676688977,-0.00370697477695
2025-10-30,-0.00967099813123,-0.00585480679561,-0.00576277599389,-0.00732009359316,-0.0110513196728,-0.00482763073302,-0.00678300041854,-0.00746318066953,-0.0104922554098,0.00740032045276
2025-10-31,-0.0109296784674,-0.0126308039235,0.0028321917708,0.00745082677787,-0.0077282247465,-0.00536991313356,0.00381371648489,-0.00166158399992,-0.00141172782979,0.010825153589
2025-11-03,0.00540423810501,0.000817248142032,0.0134628887062,-0.0135643374592,0.00215638354519,0.00129648972977,-0.0153425303088,-0.00223325456635,-0.00114441466499,-0.012582203238
2025-11-04,-0.00748272105801,-0.00708082713405,0.00828395310653,-0.00885647050987,-0.0119185798637,-0.00937324029339,-0.0122746419822,-0.00582999261825,-0.00784371988288,-0.0141939719129
2025-11-06,-0.000609139249001,-0.0124187804773,0.0032840879658,0.00689873258373,-0.000817898273243,-0.00176721765297,-0.00342970825055,-0.00397399304385,0.0154927108581,-0.010965966429
2025-11-07,-0.0023895534242,0.0169711566286,-0.00511322347104,-0.00636369735643,0.00686271595622,-0.00921421858767,-0.00850227158213,-0.00124195144439,-0.0121719170599,0.000231789152937
2025-11-10,0.00223717910689,0.00371613397931,-0.004929194777,0.0111018699608,0.0245472310738,0.0184091467155,0.00370551855858,-0.00215645156633,0.00761642428515,0.00922967180645
2025-11-11,0.00728671437832,0.0076118869752,0.00225787729482,0.00718041939111,0.0110389820139,0.0189686046959,0.00320044296769,0.00773322800014,0.00274921976936,0.00927161949695
2025-11-12,-0.00222085591755,0.000441621240931,0.00403049936049,0.0274503158298,0.0138872625029,0.015170990953,0.000368569185749,-0.00123657613112,0.0120470708527,-0.000101108509664
2025-11-13,-0.00288435648961,0.019674208528,-0.00329646011945,-0.00836883833114,-0.00640053903301,0.00281907506847,-0.00319910393021,-0.00699487683132,-0.000396988508243,0.0120396707649
2025-11-14,0.00298536596052,-0.00935159087545,0.0144134061156,9.66553300892e-05,-0.0256205377423,-0.00244271773612,0.00602068912808,0.00831384380035,0.00528085782943,0.00047458319147
2025-11-17,0.00699848593761,0.00436046402837,0.00566658228239,-0.0012242567227,0.00318897026181,0.00737265964069,-0.00257586923463,-0.00111279862929,-0.000395054012912,0.00580175842955
2025-11-18,-0.00412265259938,-0.00406920999754,-0.000925036538264,-0.00487924524348,-0.0141619032174,-0.00699652325537,-0.003075206175,-0.00869751892722,0.000724173418078,-0.00700112049061
2025-11-19,0.002163983682,0.00703793125929,0.0105360892832,0.0194397292306,0.0361393479119,0.0413835625647,-0.00568327095122,0.0155196615703,-0.000329119405166,0.00498806374282
2025-11-20,0.014225742681,-7.22726830481e-05,-0.00122182925863,-0.000921612744081,-0.00298934211124,-0.0103991263807,0.00469717274044,-0.00542108030598,0.0196877446986,0.00441849082245
2025-11-21,-0.0107629590018,-0.00980939238943,-0.00916002783288,0.00184261812159,0.0055167979636,-0.0229923486991,0.00590189899479,0.00218020883401,-0.00161516416118,-0.00310087002735
2025-11-24,0.0011015317336,-0.000803457707779,-0.00205847303066,-0.00298804722473,0.00193990877561,0.00149141179846,-0.0105990717352,-0.00391124230776,-0.00694244582206,-0.00288615854528
2025-11-25,-0.00940201872664,-0.00777640770271,0.0133048875334,-0.00702825343277,-0.0113039889863,-0.00579172172989,-0.00683789004835,-0.00417491977906,0.00247103739789,-0.00414489222986
2025-11-26,0.0141448086567,0.0125879468521,0.000305007831066,0.013912707817,0.0176789741223,0.0104381867193,0.00373558944874,0.00458736669001,0.0194243474311,0.0162064669027
2025-11-27,0.00556270770795,0.0124314582755,-0.0112944428203,-0.00834992974644,0.00544122240984,0.00683730744661,0.00495907179502,0.0108676609281,-0.00414899134152,0.00474009402455
2025-11-28,-0.00188388648551,-0.00244508066069,0.00630176513863,0.000286839820179,-0.00403011451857,-0.00295107319683,-0.000123661710665,0.00605913516519,0.00261908641083,-0.0028708115773
2025-12-01,-0.00547347694466,0.000935571614747,-0.00604478779368,-0.00130751634387,0.00249671314533,0.0114477046916,0,-0.000851838055048,-0.000893539695871,0.000884158204572
2025-12-02,-0.0123501529345,-0.0123775508888,-0.00597818878626,0.000733754402822,-0.0019199643216,-0.00451452729751,-0.00819670823096,0.00538219572123,-0.0127234641265,-0.0105384681691
2025-12-03,0.0107522225917,0.0133841728784,-0.0169420498869,0.0140287451745,0.0112750675235,0.00305264035978,-0.00112297479023,-0.0120997292416,-0.00486206987393,-0.010600576754
2025-12-04,-0.00330377084512,-0.00345557837786,-0.00310665404852,0.0153531130355,0.011900751206,0.00855813144515,0.00634672856005,0.00578383963022,-0.00208172738977,-0.00110391459856
2025-12-05,0.00609847551659,0.00417392369422,0.0243813256827,0.00278321675498,0.0115752260814,0.0170186967044,0.00470306547357,-0.0515027013477,0.00325072778954,0.0136130941219
2025-12-08,-0.000199393877857,-0.00208473985074,-0.0156650341696,-0.000525074346062,-0.00334670153138,0.00332178956845,-0.0065655210968,-0.0105749348519,0.00155667693264,-0.0103300421548
2025-12-09,-0.0059993834652,-0.0104167956434,0.00307973468947,-0.00875130323447,-0.00735258433692,-0.018528997299,-0.0031119548267,-0.00324633255557,-0.00885311549871,0.000200200373747
2025-12-10,-0.00734814992014,-0.00847093483761,0.000416890399958,-0.00597113957914,-0.00892017948629,0.00505476565594,0.00522253420897,-0.00208326150233,0.00489196018656,-0.00155220078264
2025-12-11,0.0105523326577,-0.00264350258914,0.0036401061734,0.000846248908312,0.00829463080396,0.00383427029428,-0.000620305712201,0.00169301383878,0.00525644495409,0.00315186995041
2025-12-12,0.00119892655873,0.00440205344912,-0.000103795399164,0.0089202855591,0.000125094225692,0.000478185528529,-0.00697382397701,-0.019710673842,0.00741584593623,0.0173810462374
2025-12-15,-0.00540655669956,-0.000585840075901,0.00424782961525,0.00300736019677,0.00536670771427,0.00643393791056,0.00548355030694,0.014448715435,-0.000192814694456,0.00445728872775
2025-12-16,-0.00180865928093,0.000585840075901,-0.00632652041964,-0.00780060987108,-0.00868837356009,-0.0193669532336,-0.00149257757718,-0.005421253825,-0.00897208482676,-0.00698867297788
2025-12-17,-0.0104130439619,-0.0100059875816,0.0151783750087,0.00395459785959,0.00569657759896,0.00199603661336,-0.00474104657776,-0.00241401119842,0.00136067459076,-0.000344629310602
2025-12-18,-0.00437949879495,0.00324824285503,0.00174057825784,0.0193893406644,0.0153620902191,0.00385962951196,0.00149958550715,-0.00444826380846,0,-0.00773459848277
2025-12-19,0.00590271950606,-0.00199200539434,0.00280919048021,0.00036570604199,0.00728827524879,-0.0115020054107,0.00162208382109,0.00637996037185,0.0133141582336,0.0104632584815
2025-12-22,0.0022299228616,0.0105782576664,-0.00613935505103,0.0129866188582,0.0305885791845,0.0168446441122,0.00410577031995,0.00415798950242,0.00655954585501,-0.00027007344323
2025-12-23,0.00897040923515,-0.00402715717023,-0.00246632192534,-0.0044913793223,-0.0126866162839,0.00573104325276,0.0114808702667,0.00570543231455,-0.00298789085071,-0.00334509636596
2025-12-24,0.000601899664746,-0.00235040982664,-0.00303990593386,0.00271536786125,-0.00294147507404,-0.00310028459845,-0.00184285591008,-0.00889902506208,-0.00799001443673,-0.00128197755076
2025-12-26,-0.00512745070741,-0.00693687247999,-0.00273873971931,-0.0118201145537,-0.00439826430291,-0.00827433074316,-0.00604378907247,0.00140114977656,0.000641536865495,-0.00155543214011
2025-12-29,-0.000403268298943,-0.00527148443552,-0.00129440694021,-0.00872706013974,-0.00690746440168,-0.0182889704316,-0.00384262632784,0.00345080993314,-0.00876064911362,-0.00212714227666
2025-12-30,-0.00080696218742,-0.000595834602251,0.00866656105072,-0.00144646841622,-0.0141446806421,-0.0096119386635,-0.00498006393768,-0.00135270560094,-0.00375965231342,0.00328773743882
2025-12-31,0.000302694960982,0.000297961678522,0.00894851146581,-0.0125835555548,-0.00383066534953,0.00500246889853,0.00597313927012,0.0111592043191,0.0196778637897,0.00774387959757
